City_ID,City,Country,Date,Lat,Lng,Max Temp,Humidity,Cloudiness,Wind Speed
0,Batagay-Alyta,RU,5/27/2022 21:21,67.8006,130.4114,22.68,82,25,2.91
1,Hilo,US,5/27/2022 21:20,19.7297,-155.09,85.28,72,100,8.05
2,Albany,US,5/27/2022 21:20,42.6001,-73.9662,75.02,77,100,7.76
3,Martinsville,US,5/27/2022 21:21,36.6915,-79.8725,79.48,62,40,8.05
4,Vaini,TO,5/27/2022 21:21,-21.2,-175.2,80.76,83,75,8.05
5,Puerto Ayora,EC,5/27/2022 21:21,-0.7393,-90.3518,80.56,85,36,5.99
6,Svetlogorsk,BY,5/27/2022 21:21,52.6333,29.7333,49.15,92,87,16.26
7,Sar-E Pul,AF,5/27/2022 21:21,35.8333,66.1667,51.94,64,9,1.68
8,Hobart,AU,5/27/2022 21:19,-42.8794,147.3294,40.86,91,0,3.44
9,Reshetylivka,UA,5/27/2022 21:21,49.565,34.0782,62.49,66,86,15.52
10,Simplicio Mendes,BR,5/27/2022 21:21,-7.8539,-41.9103,81.91,45,46,5.19
11,Imbituba,BR,5/27/2022 21:21,-28.24,-48.6703,70.86,97,77,14.38
12,Clyde River,CA,5/27/2022 21:20,70.4692,-68.5914,21.43,86,100,18.41
13,Zanjan,IR,5/27/2022 21:21,36.6736,48.4787,52.38,56,0,7.4
14,Tuktoyaktuk,CA,5/27/2022 21:21,69.4541,-133.0374,35.6,80,75,19.57
15,Atuona,PF,5/27/2022 21:21,-9.8,-139.0333,78.13,78,35,22.21
16,Aljezur,PT,5/27/2022 21:21,37.3191,-8.8033,62.82,77,2,2.89
17,Ouadda,CF,5/27/2022 21:21,8.0777,22.4007,71.19,81,75,4.68
18,Vostok,RU,5/27/2022 21:21,46.4856,135.8833,49.03,95,100,0.69
19,Cape Town,ZA,5/27/2022 21:21,-33.9258,18.4232,59.27,92,4,3.44
20,Bluff,NZ,5/27/2022 21:20,-46.6,168.3333,42.8,85,95,11.3
21,Punta Arenas,CL,5/27/2022 21:20,-53.15,-70.9167,41.11,65,20,16.11
22,Cherskiy,RU,5/27/2022 21:21,68.75,161.3,34.88,55,87,14.83
23,Hermanus,ZA,5/27/2022 21:20,-34.4187,19.2345,56.8,86,39,8.59
24,Kodiak,US,5/27/2022 21:21,57.79,-152.4072,58.51,55,0,5.75
25,Ancud,CL,5/27/2022 21:17,-41.8697,-73.8203,46.36,68,51,4.05
26,Haverhill,US,5/27/2022 21:21,42.7762,-71.0773,83.25,65,75,13.8
27,Ourem,PT,5/27/2022 21:21,39.6417,-8.5919,73.31,50,5,4.18
28,Ushuaia,AR,5/27/2022 21:19,-54.8,-68.3,35.26,87,100,27.63
29,Barrow,US,5/27/2022 21:21,71.2906,-156.7887,30.22,93,100,16.11
30,Avarua,CK,5/27/2022 21:21,-21.2078,-159.775,82.45,74,20,6.91
31,Sept-Iles,CA,5/27/2022 21:21,50.2001,-66.3821,45.12,96,100,14.97
32,Poum,NC,5/27/2022 21:21,-20.2333,164.0167,77.25,74,19,10.51
33,Adrar,MR,5/27/2022 21:21,20.5022,-10.0711,85.59,35,86,11.52
34,Mana,GF,5/27/2022 21:21,5.6592,-53.7767,80.44,78,11,8.46
35,Sitka,US,5/27/2022 21:21,57.0531,-135.33,62.49,48,0,5.75
36,Faya,SA,5/27/2022 21:17,18.3851,42.4509,69.91,50,7,1.28
37,Rikitea,PF,5/27/2022 21:20,-23.1203,-134.9692,76.8,74,14,12.55
38,Pierre,US,5/27/2022 21:17,44.3683,-100.351,86.92,23,0,24.16
39,Marshfield,US,5/27/2022 21:21,44.6689,-90.1718,72.66,46,20,11.5
40,Acapulco,MX,5/27/2022 21:21,16.8634,-99.8901,89.42,66,100,2.3
41,Itarema,BR,5/27/2022 21:21,-2.9248,-39.9167,78.4,84,11,9.04
42,Port Alfred,ZA,5/27/2022 21:21,-33.5906,26.891,61.03,87,18,9.4
43,Mataura,NZ,5/27/2022 21:19,-46.1927,168.8643,41.49,89,95,3.49
44,Jalu,LY,5/27/2022 21:22,29.0331,21.5482,87.8,14,0,9.53
45,Narsaq,GL,5/27/2022 21:20,60.9167,-46.05,52.02,54,100,7.99
46,Broome,US,5/27/2022 21:22,42.2506,-75.833,70.86,89,40,11.99
47,Lata,PT,5/27/2022 21:23,40.1629,-8.3327,75.07,40,95,1.68
48,Butaritari,KI,5/27/2022 21:20,3.0707,172.7902,80.69,76,51,6.91
49,Bredasdorp,ZA,5/27/2022 21:23,-34.5322,20.0403,55.11,95,33,3.2
50,Cidreira,BR,5/27/2022 21:23,-30.1811,-50.2056,63.07,93,100,5.86
51,Egvekinot,RU,5/27/2022 21:23,66.3167,-179.1667,36.21,74,90,4.92
52,Chifeng,CN,5/27/2022 21:23,42.2683,118.9636,64.47,31,65,6.38
53,Jamestown,US,5/27/2022 21:18,42.097,-79.2353,71.53,82,100,4.61
54,Kuusamo,FI,5/27/2022 21:23,65.9667,29.1833,39.24,100,100,1.14
55,Torbay,CA,5/27/2022 21:23,47.6666,-52.7314,47.28,67,100,9.22
56,Carnot,CF,5/27/2022 21:23,4.9409,15.8665,73.54,80,48,0.94
57,Hay River,CA,5/27/2022 21:23,60.8156,-115.7999,62.56,39,75,8.05
58,New Norfolk,AU,5/27/2022 21:19,-42.7826,147.0587,40.5,90,97,2.62
59,Qaanaaq,GL,5/27/2022 21:23,77.484,-69.3632,23.34,86,99,10.27
60,Shubarshi,KZ,5/27/2022 21:23,48.5872,57.1869,58.8,54,47,8.63
61,Pontes E Lacerda,BR,5/27/2022 21:22,-15.2261,-59.3353,83.84,39,12,4.38
62,Ahuimanu,US,5/27/2022 21:23,21.4447,-157.8378,82.11,50,20,10.36
63,Shupiyan,IN,5/27/2022 21:19,33.7167,74.8333,54.73,73,0,2.8
64,Salalah,OM,5/27/2022 21:23,17.0151,54.0924,84.29,79,40,6.91
65,Iqaluit,CA,5/27/2022 21:23,63.7506,-68.5145,26.33,86,100,5.75
66,Bambous Virieux,MU,5/27/2022 21:23,-20.3428,57.7575,70.05,88,20,4.61
67,Guerrero Negro,MX,5/27/2022 21:23,27.9769,-114.0611,69.98,58,0,18.7
68,Portland,US,5/27/2022 21:23,45.5234,-122.6762,63.84,66,100,5.99
69,Belmonte,BR,5/27/2022 21:23,-15.8631,-38.8828,72.88,81,40,4.72
70,Alofi,NU,5/27/2022 21:23,-19.0595,-169.9187,80.49,83,59,8.05
71,Geraldton,AU,5/27/2022 21:19,-28.7667,114.6,55.81,88,0,11.5
72,Chapais,CA,5/27/2022 21:23,49.7834,-74.8492,55.18,91,100,4.09
73,Saint-Pierre,RE,5/27/2022 21:23,-21.3393,55.4781,73.08,78,75,14.97
74,Mabamba,TZ,5/27/2022 21:23,-3.5983,30.5019,63.72,91,96,2.53
75,Port Lincoln,AU,5/27/2022 21:23,-34.7333,135.8667,57.9,81,59,11.3
76,Praia Da Vitoria,PT,5/27/2022 21:23,38.7333,-27.0667,66.76,94,75,13.62
77,Thompson,CA,5/27/2022 21:23,55.7435,-97.8558,44.76,70,100,3.44
78,East London,ZA,5/27/2022 21:23,-33.0153,27.9116,60.94,88,2,6.49
79,Busselton,AU,5/27/2022 21:23,-33.65,115.3333,54.34,74,64,6.82
80,Ponta Do Sol,PT,5/27/2022 21:23,32.6667,-17.1,68.63,71,77,5.75
81,Carnarvon,AU,5/27/2022 21:23,-24.8667,113.6333,70.3,67,100,5.73
82,Bani Walid,LY,5/27/2022 21:23,31.7566,13.9942,73.26,54,5,15.86
83,San Quintin,MX,5/27/2022 21:23,30.4833,-115.95,67.03,63,2,16.04
84,Necochea,AR,5/27/2022 21:23,-38.5473,-58.7368,47.84,69,100,8.81
85,Arraial Do Cabo,BR,5/27/2022 21:22,-22.9661,-42.0278,73.26,83,0,14.97
86,Buala,SB,5/27/2022 21:23,-8.145,159.5921,80.15,81,92,4.05
87,Puertollano,ES,5/27/2022 21:23,38.6871,-4.1073,77.16,33,0,2.55
88,Santa Isabel Do Rio Negro,BR,5/27/2022 21:24,-0.4139,-65.0192,77.7,90,95,3.38
89,Udachnyy,RU,5/27/2022 21:24,66.4167,112.4,37.45,64,99,4.27
90,Upernavik,GL,5/27/2022 21:20,72.7868,-56.1549,27.52,81,100,7.58
91,Ilulissat,GL,5/27/2022 21:24,69.2167,-51.1,32.02,86,75,5.75
92,Ornskoldsvik,SE,5/27/2022 21:24,63.2909,18.7153,46.38,88,100,8.72
93,Tual,ID,5/27/2022 21:24,-5.6667,132.75,82.56,75,32,14.58
94,Cockburn Town,TC,5/27/2022 21:24,21.4612,-71.1419,80.29,73,8,17.22
95,Warrnambool,AU,5/27/2022 21:24,-38.3833,142.4833,46.81,76,79,8.81
96,Ahipara,NZ,5/27/2022 21:20,-35.1667,173.1667,58.91,75,78,8.81
97,Bathsheba,BB,5/27/2022 21:24,13.2167,-59.5167,81.21,83,75,11.5
98,Tolaga Bay,NZ,5/27/2022 21:24,-38.3667,178.3,54.18,77,58,3.6
99,Najran,SA,5/27/2022 21:24,17.4924,44.1277,79.45,16,0,2.3
100,Guaruja,BR,5/27/2022 21:24,-23.9931,-46.2564,74.89,26,63,0
101,Moree,AU,5/27/2022 21:24,-29.4667,149.85,56.64,86,66,2.46
102,Lianzhou,CN,5/27/2022 21:24,24.7811,112.3825,73.92,99,100,2.37
103,Banjar,ID,5/27/2022 21:24,-8.19,114.9675,77.58,91,100,1.72
104,Fort Collins,US,5/27/2022 21:21,40.5853,-105.0844,90.19,18,0,15.99
105,Port Blair,IN,5/27/2022 21:19,11.6667,92.75,82.44,83,75,8.05
106,Nata,PA,5/27/2022 21:24,8.3333,-80.5167,82.04,82,99,5.28
107,Saint Anthony,US,5/27/2022 21:19,45.0205,-93.218,78.15,43,0,8.05
108,La Palma,US,5/27/2022 21:24,33.8464,-118.0467,84.42,56,75,11.5
109,Havoysund,NO,5/27/2022 21:24,70.9963,24.6622,41.23,89,100,22.08
110,Khatanga,RU,5/27/2022 21:24,71.9667,102.5,31.28,82,99,2.13
111,High Level,CA,5/27/2022 21:20,58.5169,-117.136,68.11,34,75,5.75
112,Yellowknife,CA,5/27/2022 21:24,62.456,-114.3525,55.92,54,40,10.36
113,Mar Del Plata,AR,5/27/2022 21:21,-38.0023,-57.5575,52.09,73,75,4
114,Rawson,AR,5/27/2022 21:24,-43.3002,-65.1023,45.88,54,8,6.33
115,Lat Yao,TH,5/27/2022 21:24,15.751,99.7893,76.95,76,41,6.24
116,Vila Franca Do Campo,PT,5/27/2022 21:24,37.7167,-25.4333,69.19,86,100,5.39
117,Tasiilaq,GL,5/27/2022 21:24,65.6145,-37.6368,33.96,62,100,3.22
118,Airai,TL,5/27/2022 21:24,-8.9266,125.4092,55.42,82,8,2.51
119,Lazaro Cardenas,MX,5/27/2022 21:24,17.9583,-102.2,86.63,66,11,11.27
120,Saint-Philippe,RE,5/27/2022 21:20,-21.3585,55.7679,72.99,77,7,6.8
121,Dehloran,IR,5/27/2022 21:24,32.6941,47.2679,83.19,12,0,5.14
122,Mareeba,AU,5/27/2022 21:24,-17,145.4333,58.44,92,3,2.21
123,Ostrovnoy,RU,5/27/2022 21:24,68.0531,39.5131,43.36,91,100,16.33
124,Grenville,GD,5/27/2022 21:24,12.1167,-61.6167,82.45,77,100,10.02
125,Kaitangata,NZ,5/27/2022 21:24,-46.2817,169.8464,40.68,82,91,5.26
126,Srednekolymsk,RU,5/27/2022 21:24,67.45,153.6833,40.5,41,15,5.77
127,Deputatskiy,RU,5/27/2022 21:24,69.3,139.9,23.18,90,51,1.25
128,Westport,US,5/27/2022 21:23,41.1415,-73.3579,77.43,86,0,18.41
129,Merauke,ID,5/27/2022 21:24,-8.4667,140.3333,78.19,80,98,12.86
130,Roald,NO,5/27/2022 21:24,62.5833,6.1333,49.15,93,100,8.05
131,Nome,US,5/27/2022 21:24,64.5011,-165.4064,40.15,87,100,9.22
132,Saldanha,ZA,5/27/2022 21:20,-33.0117,17.9442,48.25,85,0,4.74
133,Gawler,AU,5/27/2022 21:24,-34.6,138.7333,52.25,97,31,4.09
134,Nikolskoye,RU,5/27/2022 21:20,59.7035,30.7861,51.69,98,84,3.27
135,Souillac,MU,5/27/2022 21:24,-20.5167,57.5167,70.18,88,20,4.61
136,Khasan,RU,5/27/2022 21:24,42.4308,130.6434,51.28,88,21,3.53
137,College,US,5/27/2022 21:23,64.8569,-147.8028,70.59,31,40,11.5
138,Severo-Kurilsk,RU,5/27/2022 21:20,50.6789,156.125,43.16,87,95,3.4
139,Elizabeth City,US,5/27/2022 21:25,36.2946,-76.2511,78.82,80,20,8.05
140,Bowen,AU,5/27/2022 21:25,-20.0167,148.2333,66.18,84,9,6.2
141,Ligayan,PH,5/27/2022 21:25,4.6533,119.4706,82.63,74,100,15.7
142,Punta Alta,AR,5/27/2022 21:20,-38.8759,-62.0736,47.32,55,99,1.28
143,Norman Wells,CA,5/27/2022 21:25,65.282,-126.8329,50.04,57,75,25.32
144,Saint George,US,5/27/2022 21:20,37.1041,-113.5841,99.63,11,0,13.8
145,Hithadhoo,MV,5/27/2022 21:20,-0.6,73.0833,83.26,73,24,12.28
146,Kahului,US,5/27/2022 21:24,20.8947,-156.47,82.85,59,75,14.97
147,Ribeira Grande,PT,5/27/2022 21:20,38.5167,-28.7,64.8,94,75,19.57
148,Vardo,NO,5/27/2022 21:25,70.3705,31.1107,39.18,100,100,25.32
149,Tauramena,CO,5/27/2022 21:25,5.0183,-72.7492,73.13,94,100,2.06
150,Sun Valley,US,5/27/2022 21:25,39.5963,-119.776,76.68,24,0,20.71
151,Nampula,MZ,5/27/2022 21:25,-15.1165,39.2666,66.15,94,40,6.91
152,Santa Cruz,BO,5/27/2022 21:25,-17.8,-63.1667,85.46,58,40,19.57
153,Southampton,GB,5/27/2022 21:25,50.904,-1.4043,59.86,78,10,1.01
154,Waslala,NI,5/27/2022 21:25,13.2333,-85.3833,87.08,55,50,6.6
155,Durban,ZA,5/27/2022 21:25,-29.8579,31.0292,66.02,92,37,1.01
156,Porbandar,IN,5/27/2022 21:25,21.6422,69.6093,82.2,78,77,20.18
157,Cururupu,BR,5/27/2022 21:25,-1.8283,-44.8683,75.69,91,10,2.73
158,Kapaa,US,5/27/2022 21:20,22.0752,-159.319,79.48,71,75,11.5
159,Kula,TR,5/27/2022 21:25,38.5473,28.6498,67.95,54,7,3.69
160,Choma,ZM,5/27/2022 21:25,-16.8065,26.9531,56.95,59,0,2.73
161,Esperance,AU,5/27/2022 21:25,-33.8667,121.9,54.45,64,0,10.94
162,Castro,BR,5/27/2022 21:20,-24.7911,-50.0119,58.89,78,85,4.45
163,Sarangani,PH,5/27/2022 21:23,5.4033,125.4636,81.14,80,100,22.35
164,Ibipeba,BR,5/27/2022 21:25,-11.6408,-42.0111,71.92,54,15,10.16
165,Puerto Baquerizo Moreno,EC,5/27/2022 21:25,-0.9,-89.6,76.19,73,100,13.8
166,Nipawin,CA,5/27/2022 21:25,53.3668,-104.0009,68.04,42,0,17.27
167,Marang,MY,5/27/2022 21:25,5.2056,103.2059,78.71,89,100,5.03
168,Sao Filipe,CV,5/27/2022 21:25,14.8961,-24.4956,72.52,82,16,5.91
169,Liepaja,LV,5/27/2022 21:25,56.5419,21.0367,49.98,87,0,16.11
170,Chokurdakh,RU,5/27/2022 21:25,70.6333,147.9167,30.85,78,100,9.51
171,San Patricio,US,5/27/2022 21:25,28.017,-97.5169,96.08,38,0,12.57
172,Tocache,PE,5/27/2022 21:25,-8.1842,-76.5125,82.54,62,43,2.33
173,Tsaratanana,MG,5/27/2022 21:25,-16.7833,47.65,70.38,75,25,6.4
174,Cabo San Lucas,MX,5/27/2022 21:21,22.8909,-109.9124,94.6,33,0,4.61
175,Ambon,ID,5/27/2022 21:25,-3.6954,128.1814,75.34,94,40,2.3
176,Kidal,ML,5/27/2022 21:25,18.4411,1.4078,98.58,14,96,0.67
177,Porto Novo,BJ,5/27/2022 21:25,6.4965,2.6036,78.48,83,50,5.03
178,Nuevo Progreso,MX,5/27/2022 21:25,23.1667,-97.95,89.55,54,69,16.33
179,Linares,CL,5/27/2022 21:25,-35.85,-71.6,49.62,68,100,3.49
180,Kavieng,PG,5/27/2022 21:25,-2.5744,150.7967,81.14,66,100,3.53
181,Kyabe,TD,5/27/2022 21:25,9.4515,18.9449,87.53,37,2,4.99
182,Ingham,US,5/27/2022 21:26,42.6,-84.3833,67.95,91,100,8.05
183,Ormara,PK,5/27/2022 21:26,25.2088,64.6357,80.92,90,6,15.48
184,Nowy Targ,PL,5/27/2022 21:26,49.4778,20.0323,50.34,95,99,4.09
185,Alyangula,AU,5/27/2022 21:26,-13.8483,136.4192,76.24,74,13,11.52
186,Soloneshnoye,RU,5/27/2022 21:26,51.6544,84.3197,57.99,74,29,4.41
187,Nanortalik,GL,5/27/2022 21:26,60.1432,-45.2371,36.9,88,100,13.53
188,Dongsheng,CN,5/27/2022 21:26,39.8161,109.9776,62.01,24,0,9.6
189,Delmas,HT,5/27/2022 21:26,18.5447,-72.3028,84.92,62,75,0
190,Canyon,US,5/27/2022 21:26,34.9803,-101.9188,94.46,23,0,20.56
191,Meulaboh,ID,5/27/2022 21:26,4.1363,96.1285,75.65,88,90,5.93
192,Oranjemund,NA,5/27/2022 21:26,-28.55,16.4333,54.86,92,0,0.43
193,Bethel,US,5/27/2022 21:24,41.3712,-73.414,76.17,79,75,8.05
194,Sorong,ID,5/27/2022 21:26,-0.8833,131.25,78.35,87,19,4.76
195,Lensk,RU,5/27/2022 21:26,60.7253,114.9278,36.68,65,75,2.75
196,Amahai,ID,5/27/2022 21:26,-3.3333,128.9167,76.95,88,36,2.84
197,Madingou,CG,5/27/2022 21:26,-4.1536,13.55,72.81,91,61,2.28
198,Maple Creek,CA,5/27/2022 21:26,49.9168,-109.4848,61.21,82,100,4.61
199,Tiksi,RU,5/27/2022 21:26,71.6872,128.8694,29.64,90,100,6.15
200,Lompoc,US,5/27/2022 21:26,34.6391,-120.4579,76.69,64,0,15.01
201,Kailua,US,5/27/2022 21:26,21.4022,-157.7394,82.38,54,20,10.36
202,San Jose De Gracia,MX,5/27/2022 21:26,20.6667,-102.5833,90.05,9,7,7.54
203,Barstow,US,5/27/2022 21:26,34.8986,-117.0228,94.19,10,95,18.14
204,Longyearbyen,SJ,5/27/2022 21:26,78.2186,15.6401,44.44,81,0,2.3
205,Luderitz,NA,5/27/2022 21:26,-26.6481,15.1594,55.58,88,2,5.32
206,Chuy,UY,5/27/2022 21:20,-33.6971,-53.4616,57.4,91,100,10.38
207,Brawley,US,5/27/2022 21:26,32.9787,-115.5303,104.49,12,0,5.75
208,Evensk,RU,5/27/2022 21:26,61.95,159.2333,38.17,97,100,0.69
209,Makat,KZ,5/27/2022 21:26,47.6469,53.3463,65.66,57,95,15.17
210,Plettenberg Bay,ZA,5/27/2022 21:26,-34.0527,23.3716,59.38,84,43,4.23
211,Chandvad,IN,5/27/2022 21:26,20.3333,74.25,73,78,2,17.22
212,Leningradskiy,RU,5/27/2022 21:26,69.3833,178.4167,32.49,97,100,4.43
213,Victoria,HK,5/27/2022 21:22,22.2855,114.1577,82.45,88,97,11.01
214,Mucurapo,TT,5/27/2022 21:26,10.6667,-61.5333,86.05,71,94,8.81
215,Gambela,ET,5/27/2022 21:26,8.25,34.5833,71.78,87,12,3.13
216,Marki,PL,5/27/2022 21:26,52.3206,21.1047,53.17,76,0,6.91
217,Sabha,LY,5/27/2022 21:26,27.0377,14.4283,91.89,8,0,11.12
218,Revda,RU,5/27/2022 21:26,56.801,59.9303,46.22,85,20,4.76
219,Lebu,CL,5/27/2022 21:26,-37.6167,-73.65,47.93,72,100,17.29
220,Havre,FR,5/27/2022 21:26,49.5833,0.3333,53.37,87,0,8.05
221,Eyl,SO,5/27/2022 21:26,7.9803,49.8164,81.09,66,88,22.55
222,Araouane,ML,5/27/2022 21:26,18.9048,-3.5265,94.1,17,61,1.86
223,San Cristobal,VE,5/27/2022 21:26,7.7669,-72.225,77.18,95,99,4.72
224,Okhotsk,RU,5/27/2022 21:26,59.3833,143.3,37.8,88,60,0.63
225,Polunochnoye,RU,5/27/2022 21:26,60.8697,60.4153,42.06,95,100,3.65
226,Flinders,AU,5/27/2022 21:27,-34.5833,150.8552,57.25,93,99,3
227,Aloleng,PH,5/27/2022 21:27,16.1307,119.7824,81.66,77,98,7.29
228,Gorom-Gorom,BF,5/27/2022 21:27,14.4439,-0.2361,98.06,17,25,8.59
229,Dicabisagan,PH,5/27/2022 21:28,17.0818,122.4157,78.8,87,91,5.68
230,Provideniya,RU,5/27/2022 21:28,64.3833,-173.3,41.99,76,65,8.03
231,Namibe,AO,5/27/2022 21:28,-15.1961,12.1522,65.84,85,14,5.66
232,Sawakin,SD,5/27/2022 21:28,19.1059,37.3321,84.97,43,0,5.26
233,Saint-Augustin,CA,5/27/2022 21:28,51.226,-58.6502,50.97,39,100,4.99
234,Owando,CG,5/27/2022 21:28,-0.4819,15.8999,72.46,86,9,3.36
235,Yulara,AU,5/27/2022 21:28,-25.2406,130.9889,56.39,62,68,10.27
236,Betong,TH,5/27/2022 21:28,5.7743,101.0723,73.29,96,100,1.05
237,Manicore,BR,5/27/2022 21:28,-5.8092,-61.3003,89.55,58,0,3.44
238,Auka,HN,5/27/2022 21:28,14.9333,-83.8333,85.89,78,99,6.2
239,Klaksvik,FO,5/27/2022 21:28,62.2266,-6.589,43.72,91,100,23.31
240,San Blas,MX,5/27/2022 21:28,21.5167,-105.2667,103.89,56,23,8.55
241,Cayenne,GF,5/27/2022 21:28,4.9333,-52.3333,83.08,4,40,10.36
242,Nerchinskiy Zavod,RU,5/27/2022 21:28,51.3088,119.61,41.52,76,90,10.49
243,Dzhebariki-Khaya,RU,5/27/2022 21:28,62.2167,135.8,47.32,60,89,3.09
244,Shache,CN,5/27/2022 21:28,38.4167,77.2406,72.72,23,96,6.33
245,Husavik,IS,5/27/2022 21:28,66.0449,-17.3389,38.79,79,45,1.45
246,Dayong,CN,5/27/2022 21:28,25.0209,118.2898,70.09,98,100,1.16
247,Bontang,ID,5/27/2022 21:28,0.1333,117.5,75.76,89,100,5.08
248,Valparaiso,CL,5/27/2022 21:28,-33.0393,-71.6273,61.03,68,0,6.91
249,Sagada,PH,5/27/2022 21:28,17.084,120.8996,60.03,95,100,2.26
250,Shimoda,JP,5/27/2022 21:27,34.6667,138.95,68.59,64,0,17.69
251,Port Elizabeth,ZA,5/27/2022 21:28,-33.918,25.5701,55.69,98,0,4.61
252,Erenhot,CN,5/27/2022 21:28,43.6475,111.9767,60.03,49,61,8.55
253,Kardymovo,RU,5/27/2022 21:28,54.8902,32.4311,44.73,98,79,7.16
254,Port Augusta,AU,5/27/2022 21:28,-32.5,137.7667,49.59,91,8,1.14
255,Puerto Escondido,MX,5/27/2022 21:28,15.85,-97.0667,81.43,69,100,6.91
256,Pindobacu,BR,5/27/2022 21:28,-10.7417,-40.3608,69.91,81,30,6.71
257,San Francisco,US,5/27/2022 21:27,37.7749,-122.4194,74.98,74,75,21.85
258,Waipawa,NZ,5/27/2022 21:28,-41.4122,175.5153,44.71,79,0,4.18
259,Kalmunai,LK,5/27/2022 21:28,7.4167,81.8167,78.49,83,100,5.48
260,Georgetown,MY,5/27/2022 21:27,5.4112,100.3354,81.95,93,20,1.14
261,Hobyo,SO,5/27/2022 21:28,5.3505,48.5268,78.82,85,77,26.15
262,Naze,JP,5/27/2022 21:25,28.3667,129.4833,59.92,65,100,1.52
263,Benguela,AO,5/27/2022 21:28,-12.5763,13.4055,69.22,88,23,3.62
264,Dikson,RU,5/27/2022 21:28,73.5069,80.5464,18.99,89,8,4.14
265,Neuquen,AR,5/27/2022 21:25,-38.9516,-68.0591,46.29,53,0,2.3
266,Komsomolskiy,UZ,5/27/2022 21:28,40.4272,71.7189,65.12,72,75,4.61
267,Rio Gallegos,AR,5/27/2022 21:28,-51.6226,-69.2181,42.85,56,40,23.02
268,Slave Lake,CA,5/27/2022 21:28,55.2834,-114.769,66.18,34,100,9.22
269,Isangel,VU,5/27/2022 21:28,-19.55,169.2667,77.11,88,100,4.61
270,Ludvika,SE,5/27/2022 21:28,60.1496,15.1878,48.33,91,100,8.59
271,Golden,US,5/27/2022 21:26,39.7555,-105.2211,87.28,17,75,9.22
272,Hovd,MN,5/27/2022 21:28,48.0056,91.6419,58.96,62,88,3.47
273,Ketchikan,US,5/27/2022 21:28,55.3422,-131.6461,55.87,76,100,10.36
274,Lubumbashi,CD,5/27/2022 21:25,-11.6609,27.4794,56.98,66,0,4.41
275,Saint-Joseph,RE,5/27/2022 21:28,-21.3667,55.6167,71.98,78,24,3.49
276,Belaya Gora,RU,5/27/2022 21:28,68.5333,146.4167,40.96,43,92,7.94
277,Nangong,CN,5/27/2022 21:29,37.3581,115.3744,73.62,44,84,13.22
278,Monrovia,LR,5/27/2022 21:29,6.3005,-10.7969,79.72,82,100,5.35
279,Syracuse,IT,5/27/2022 21:29,37.0881,15.2792,74.57,86,19,5.44
280,Nuuk,GL,5/27/2022 21:28,64.1835,-51.7216,32.61,86,75,10.36
281,Mitu,CO,5/27/2022 21:29,1.1983,-70.1733,75.72,93,89,2.73
282,Camalu,MX,5/27/2022 21:29,30.85,-116.0667,67.44,61,5,14.43
283,Saskylakh,RU,5/27/2022 21:29,71.9167,114.0833,22.64,93,99,5.68
284,Cabra,ES,5/27/2022 21:29,37.4725,-4.4421,70.05,36,3,6.71
285,Zhezkazgan,KZ,5/27/2022 21:29,47.8043,67.7144,62.53,35,100,9.28
286,Tiarei,PF,5/27/2022 21:29,-17.5333,-149.3333,84.22,67,2,15.1
287,Krasnoufimsk,RU,5/27/2022 21:29,56.6059,57.7669,51.84,89,100,5.57
288,Asyut,EG,5/27/2022 21:24,27.181,31.1837,84.38,19,0,11.65
289,Sorland,NO,5/27/2022 21:26,67.667,12.6934,46.26,90,99,28.01
290,Noumea,NC,5/27/2022 21:25,-22.2763,166.4572,75,99,100,6.49
291,Villamontes,BO,5/27/2022 21:29,-21.25,-63.5,63.72,82,95,2.64
292,Tilichiki,RU,5/27/2022 21:29,60.4667,166.1,36.9,99,100,1.97
293,Azare,NG,5/27/2022 21:29,11.6765,10.1948,87.93,30,71,7.36
294,Severnyy,RU,5/27/2022 21:29,50.677,36.5532,62.64,55,0,8.95
295,Romanovka,RU,5/27/2022 21:29,51.7443,42.7527,48.99,88,42,8.75
296,Faanui,PF,5/27/2022 21:29,-16.4833,-151.75,81.01,64,0,19.06
297,Viedma,AR,5/27/2022 21:29,-40.8135,-62.9967,44.92,64,6,7.43
298,Tomatlan,MX,5/27/2022 21:29,19.9333,-105.25,90.43,44,4,11.34
299,Pochutla,MX,5/27/2022 21:29,15.7432,-96.4661,86.83,58,100,8.39
300,Dalbandin,PK,5/27/2022 21:29,28.8947,64.4101,83.93,10,0,4.97
301,Middelburg,ZA,5/27/2022 21:29,-25.7751,29.4648,56.41,54,0,5.53
302,Mitsamiouli,KM,5/27/2022 21:29,-11.3847,43.2844,78.62,66,46,10.94
303,Dingzhou,CN,5/27/2022 21:29,38.5131,114.9956,60.91,21,100,6.31
304,Los Llanos De Aridane,ES,5/27/2022 21:29,28.6585,-17.9182,64.15,77,20,5.01
305,Qaqortoq,GL,5/27/2022 21:29,60.7167,-46.0333,44.55,58,100,10.89
306,Kavaratti,IN,5/27/2022 21:29,10.5669,72.642,82.06,77,100,7.02
307,Lagos,NG,5/27/2022 21:26,6.5833,3.75,80.92,88,100,2.82
308,Huaicheng,CN,5/27/2022 21:29,23.9051,112.1931,73.81,98,96,1.41
309,Amparafaravola,MG,5/27/2022 21:29,-17.5833,48.2167,60.39,97,24,3.09
310,Kamina,CD,5/27/2022 21:29,-8.7386,24.9906,64.17,56,0,4.47
311,Praxedis Guerrero,MX,5/27/2022 21:29,31.3667,-106.0167,99.86,6,2,6.13
312,Kamiiso,JP,5/27/2022 21:29,41.8167,140.65,56.48,94,92,4.38
313,Hofn,IS,5/27/2022 21:29,64.2539,-15.2082,47.53,81,55,13.33
314,Mahebourg,MU,5/27/2022 21:29,-20.4081,57.7,70.09,88,20,4.61
315,Beringovskiy,RU,5/27/2022 21:20,63.05,179.3167,42.84,75,98,9.73
316,Puerto El Triunfo,SV,5/27/2022 21:29,13.2833,-88.55,84.56,71,100,8.25
317,Katsuura,JP,5/27/2022 21:29,35.1333,140.3,66.22,78,13,5.48
318,Odweyne,SO,5/27/2022 21:29,9.4092,45.064,77.34,54,94,12.46
319,Boulder,US,5/27/2022 21:27,40.0833,-105.3505,81.91,19,40,6.91
320,Broken Hill,AU,5/27/2022 21:26,-31.95,141.4333,51.8,84,82,9.37
321,Champerico,GT,5/27/2022 21:29,14.3,-91.9167,86.54,88,100,6.53
322,Mehamn,NO,5/27/2022 21:29,71.0357,27.8492,39.15,100,100,11.5
323,Laranjeiras Do Sul,BR,5/27/2022 21:26,-25.4078,-52.4161,60.55,85,51,2.33
324,Wanning,CN,5/27/2022 21:30,18.8003,110.3967,79.41,91,60,7.25
325,Nemuro,JP,5/27/2022 21:30,43.3236,145.575,49.66,99,100,24.23
326,Pangnirtung,CA,5/27/2022 21:30,66.1451,-65.7125,26.6,80,100,10.36
327,Zhuhai,CN,5/27/2022 21:30,22.2769,113.5678,82.18,94,40,13.8
328,Itaituba,BR,5/27/2022 21:30,-4.2761,-55.9836,89.76,66,20,5.75
329,Park Ridge,US,5/27/2022 21:30,42.0111,-87.8406,62.31,77,100,11.5
330,Pisco,PE,5/27/2022 21:30,-13.7,-76.2167,68.05,68,29,5.75
331,Morro Bay,US,5/27/2022 21:30,35.3658,-120.8499,76.39,63,99,5.01
332,Dabola,GN,5/27/2022 21:30,10.75,-11.1167,77.25,74,96,0.94
333,Codrington,AU,5/27/2022 21:27,-38.2667,141.9667,46.71,90,96,6.89
334,Morant Bay,JM,5/27/2022 21:30,17.8815,-76.4093,87.42,78,96,10
335,Jinchang,CN,5/27/2022 21:30,38.4953,102.1739,65.86,32,92,9.42
336,Comodoro Rivadavia,AR,5/27/2022 21:30,-45.8667,-67.5,44.46,42,0,9.22
337,Avera,US,5/27/2022 21:30,33.194,-82.5271,84.38,43,31,11.45
338,Tallahassee,US,5/27/2022 21:30,30.4383,-84.2807,89.44,42,75,11.5
339,Bafoulabe,ML,5/27/2022 21:30,13.8065,-10.8321,93,38,52,1.7
340,Tres Arroyos,AR,5/27/2022 21:27,-38.3739,-60.2798,45.82,67,100,7.16
341,Terra Santa,BR,5/27/2022 21:30,-2.1042,-56.4869,78.3,79,31,4
342,Berlin,DE,5/27/2022 21:27,52.5244,13.4105,52.99,76,0,13
343,Dharchula,IN,5/27/2022 21:30,29.85,80.5333,66.56,79,52,2.64
344,Savalou,BJ,5/27/2022 21:30,7.9281,1.9756,76.17,84,23,3.91
345,Gornopravdinsk,RU,5/27/2022 21:30,60.05,69.9,48.09,89,100,8.88
346,Krk,HR,5/27/2022 21:30,45.0258,14.5731,70.79,84,79,4.68
347,Ampanihy,MG,5/27/2022 21:30,-24.7,44.75,60.91,71,0,5.99
348,Walvis Bay,NA,5/27/2022 21:30,-22.9575,14.5053,54.09,93,7,1.14
349,Uray,RU,5/27/2022 21:30,60.1247,64.7758,48.47,97,100,9.73
350,Khiv,RU,5/27/2022 21:30,41.7543,47.9306,53.78,81,6,5.21
351,Weiser,US,5/27/2022 21:30,44.251,-116.9693,79,43,100,13.98
352,Prince Rupert,CA,5/27/2022 21:29,54.3161,-130.3201,51.89,89,75,11.5
353,Sur,OM,5/27/2022 21:30,22.5667,59.5289,86.92,56,0,9.44
354,Sola,VU,5/27/2022 21:30,-13.8833,167.55,75.87,94,100,4.61
355,Fort Nelson,CA,5/27/2022 21:20,58.8053,-122.7002,65.79,32,75,4.61
356,Dingle,PH,5/27/2022 21:20,10.9995,122.6711,75.58,91,94,5.86
357,Kedrovyy,RU,5/27/2022 21:30,56.1667,91.8167,34.21,70,0,4.45
358,Olafsvik,IS,5/27/2022 21:30,64.8945,-23.7142,47.64,70,21,9.98
359,Budureasa,RO,5/27/2022 21:30,46.6667,22.5,60.75,76,26,4.47
360,Coquimbo,CL,5/27/2022 21:30,-29.9533,-71.3436,56.93,88,40,10.36
361,Zhigansk,RU,5/27/2022 21:30,66.7697,123.3711,34.83,68,28,15.77
362,Yeppoon,AU,5/27/2022 21:30,-23.1333,150.7333,56.98,81,1,2.53
363,Bengkulu,ID,5/27/2022 21:30,-3.8004,102.2655,74.64,91,100,4.68
364,Bicester,GB,5/27/2022 21:30,51.9,-1.1536,55.51,51,0,8.05
365,Cherrapunji,IN,5/27/2022 21:28,25.3,91.7,59.02,81,26,2.62
366,Celestun,MX,5/27/2022 21:30,20.8667,-90.4,82.36,76,100,14.45
367,Karratha,AU,5/27/2022 21:31,-20.7377,116.8463,76.91,71,92,7.67
368,Brae,GB,5/27/2022 21:31,60.3964,-1.353,46.96,77,17,17.4
369,Aguimes,ES,5/27/2022 21:31,27.9054,-15.4461,66.83,64,20,17.27
370,Humboldt,US,5/27/2022 21:31,40.6665,-123.9178,58.6,60,100,7.38
371,Aklavik,CA,5/27/2022 21:31,68.2191,-135.0107,39.87,62,97,20.83
372,Debre Sina,ET,5/27/2022 21:31,9.85,39.7667,59.32,44,100,5.68
373,Coihaique,CL,5/27/2022 21:31,-45.5752,-72.0662,38.01,75,20,0
374,Sioux Lookout,CA,5/27/2022 21:28,50.1001,-91.917,71.67,37,20,6.91
375,Asino,RU,5/27/2022 21:31,56.9979,86.1452,46.98,80,6,6.91
376,Kinna,SE,5/27/2022 21:31,57.5073,12.6946,52.45,97,50,3.74
377,Novikovo,RU,5/27/2022 21:31,51.1537,37.8879,56.52,76,66,15.17
378,Alihe,CN,5/27/2022 21:31,50.5667,123.7167,50.47,82,1,6.91
379,Mersing,MY,5/27/2022 21:31,2.4312,103.8405,75.11,94,40,5.75
380,Eenhana,NA,5/27/2022 21:31,-17.4667,16.3333,58.46,36,0,6.02
381,Coos Bay,US,5/27/2022 21:31,43.3665,-124.2179,65.32,88,40,9.22
382,Karasjok,NO,5/27/2022 21:31,69.4719,25.5112,39.74,94,100,24.96
383,Sibolga,ID,5/27/2022 21:31,1.7427,98.7792,75.72,89,73,2.8
384,Madzhalis,RU,5/27/2022 21:31,42.1217,47.8333,58.57,78,1,4.81
385,Laguna,US,5/27/2022 21:31,38.421,-121.4238,83.32,47,0,16.11
386,Jawhar,SO,5/27/2022 21:31,2.7809,45.5005,76.24,85,100,12.57
387,Sisimiut,GL,5/27/2022 21:31,66.9395,-53.6735,29.37,75,100,8.34
388,Constitucion,CL,5/27/2022 21:31,-35.3333,-72.4167,51.3,64,100,9.24
389,Berck,FR,5/27/2022 21:31,50.4,1.6,53.58,94,0,2.3
390,Ta Khmau,KH,5/27/2022 21:31,11.4833,104.95,78.85,100,75,3.44
391,Caravelas,BR,5/27/2022 21:31,-17.7125,-39.2481,71.04,88,100,6.44
392,Paranhos,BR,5/27/2022 21:31,-23.8928,-55.4311,69.26,67,73,0.72
393,Alice Springs,AU,5/27/2022 21:30,-23.7,133.8833,51.35,71,89,6.91
394,Balangiga,PH,5/27/2022 21:31,11.1097,125.3875,79.88,83,93,4.54
395,Hokitika,NZ,5/27/2022 21:31,-42.7167,170.9667,53.37,77,95,2.62
396,Margate,GB,5/27/2022 21:31,51.3813,1.3862,58.87,72,9,3
397,Omsukchan,RU,5/27/2022 21:31,62.5333,155.8,36.75,99,100,4.32
398,Lavrentiya,RU,5/27/2022 21:31,65.5833,-171,37.33,92,97,7.02
399,Khuzhir,RU,5/27/2022 21:32,53.1939,107.3397,38.91,77,1,7.14
400,Vestmannaeyjar,IS,5/27/2022 21:32,63.4427,-20.2734,48.4,88,93,17.9
401,Drumheller,CA,5/27/2022 21:32,51.4617,-112.7101,78.13,23,80,2.3
402,Moerai,PF,5/27/2022 21:32,-22.4333,-151.3333,76.78,72,5,3.56
403,Kirkland Lake,CA,5/27/2022 21:32,48.1446,-80.0377,51.98,83,100,7.78
404,Mbeya,TZ,5/27/2022 21:32,-8.9,33.45,56.62,89,56,6.24
405,Katangli,RU,5/27/2022 21:32,51.7102,143.2326,37.02,97,100,12.21
406,Taoudenni,ML,5/27/2022 21:32,22.6783,-3.9836,99.39,12,70,3.94
407,Molina,CL,5/27/2022 21:31,-35.1167,-71.2833,46.36,100,100,5.75
408,Balangir,IN,5/27/2022 21:30,20.7167,83.4833,84.96,37,39,6.96
409,Pingxiang,CN,5/27/2022 21:32,27.6167,113.85,67.06,98,100,1.28
410,Boa Vista,BR,5/27/2022 21:32,2.8197,-60.6733,87.78,58,20,3.44
411,Ayan,RU,5/27/2022 21:32,56.45,138.1667,36.77,85,100,12.97
412,Cristinapolis,BR,5/27/2022 21:32,-11.4756,-37.7553,69.03,88,13,4.38
413,Chiredzi,ZW,5/27/2022 21:32,-21.05,31.6667,66.51,77,82,3.24
414,Pathein,MM,5/27/2022 21:33,16.7833,94.7333,78.03,91,16,5.3
415,Otradnoye,RU,5/27/2022 21:33,59.7775,30.8181,51.85,98,87,2.89
416,Te Anau,NZ,5/27/2022 21:33,-45.4167,167.7167,49.57,84,98,5.32
417,Pangai,TO,5/27/2022 21:33,-19.8,-174.35,80.71,83,75,10.36
418,Teguldet,RU,5/27/2022 21:33,57.3064,88.1667,44.64,79,0,5.03
419,Verkhoyansk,RU,5/27/2022 21:33,67.5447,133.385,40.64,45,18,4.18
420,Talnakh,RU,5/27/2022 21:33,69.4865,88.3972,38.21,98,100,3.11
421,Lima,PE,5/27/2022 21:30,-12.0432,-77.0282,62.85,68,20,16.11
422,Sulangan,PH,5/27/2022 21:33,11.1373,123.7228,83.3,68,93,8.66
423,Deep River,CA,5/27/2022 21:33,46.1001,-77.4995,69.94,86,99,5.77
424,Yumen,CN,5/27/2022 21:33,40.2833,97.2,66,42,74,13.82
425,Chardara,KZ,5/27/2022 21:33,41.2547,67.9692,65.17,50,99,15.39
426,Kadaya,RU,5/27/2022 21:33,50.9327,119.2911,43.45,60,7,14.27
427,Galesong,ID,5/27/2022 21:33,-5.3166,119.3661,71.62,81,95,3.38
428,Hasaki,JP,5/27/2022 21:33,35.7333,140.8333,64.8,69,1,2.17
429,Pevek,RU,5/27/2022 21:33,69.7008,170.3133,29.82,76,100,10.94
430,Mahibadhoo,MV,5/27/2022 21:33,3.7833,72.9667,82.04,76,7,14.56
431,Taywarah,AF,5/27/2022 21:33,33.35,64.4167,45.86,49,0,6.71
432,Wenceslau Braz,BR,5/27/2022 21:33,-23.8739,-49.8028,61.16,69,83,0.98
433,Sibu,MY,5/27/2022 21:33,2.3,111.8167,73.71,94,40,3.44
434,Vila Velha,BR,5/27/2022 21:31,-20.3297,-40.2925,67.95,97,75,4.61
435,Stillwater,US,5/27/2022 21:33,36.1156,-97.0584,86.27,40,0,8.05
436,Bignona,SN,5/27/2022 21:33,12.8103,-16.2264,75.24,73,91,6.33
437,Muzhi,RU,5/27/2022 21:33,65.3667,64.6667,57.36,64,4,7.38
438,Goure,NE,5/27/2022 21:33,13.9835,10.2704,83.97,12,0,3.13
439,Sao Jose Da Coroa Grande,BR,5/27/2022 21:33,-8.8978,-35.1478,75.96,87,54,12.37
440,Shiyan,CN,5/27/2022 21:33,32.6475,110.7781,63.37,89,100,3.47
441,Beipiao,CN,5/27/2022 21:33,41.7919,120.7792,71.2,23,96,3.67
442,Bareli,IN,5/27/2022 21:33,28.35,79.4167,86.05,37,0,5.19
443,Shenjiamen,CN,5/27/2022 21:33,29.9576,122.298,65.95,94,100,18.59
444,Basarabeasca,MD,5/27/2022 21:33,46.3311,28.9728,64.42,63,6,7.92
445,Grindavik,IS,5/27/2022 21:33,63.8424,-22.4338,53.55,76,75,12.66
446,Sambava,MG,5/27/2022 21:33,-14.2667,50.1667,70.99,89,30,8.77
447,Takoradi,GH,5/27/2022 21:33,4.8845,-1.7554,79.7,82,94,5.41
448,Fortuna,US,5/27/2022 21:30,40.5982,-124.1573,63.93,81,75,9.22
449,Lasa,IT,5/27/2022 21:28,46.6166,10.7002,65.28,89,22,6.26
450,Marovoay,MG,5/27/2022 21:33,-16.1,46.6333,72.07,81,25,3.09
451,Namatanai,PG,5/27/2022 21:33,-3.6667,152.4333,80.22,78,100,6.13
452,Sumoto,JP,5/27/2022 21:33,34.35,134.9,68.04,76,1,11.27
453,Havelock,US,5/27/2022 21:33,34.8791,-76.9013,76.98,85,40,21.85
454,Beloha,MG,5/27/2022 21:33,-25.1667,45.05,62.08,66,0,4.79
455,Kudahuvadhoo,MV,5/27/2022 21:33,2.6708,72.8944,82.78,73,14,14.05
456,Burriana,ES,5/27/2022 21:33,39.889,-0.085,70.7,80,13,5.5
457,Yenagoa,NG,5/27/2022 21:33,4.9247,6.2642,73.24,95,77,3.4
458,Ojinaga,MX,5/27/2022 21:33,29.5667,-104.4167,104.41,17,0,3.44
459,Wuwei,CN,5/27/2022 21:33,37.9281,102.6414,62.35,41,100,5.23
460,Kuandian,CN,5/27/2022 21:33,40.7286,124.7847,55.83,80,59,2.59
461,Derbent,RU,5/27/2022 21:33,42.0678,48.2899,60.4,79,0,3.47
462,Talara,PE,5/27/2022 21:34,-4.5772,-81.2719,72.36,64,0,16.11
463,Borogontsy,RU,5/27/2022 21:34,62.6683,131.1683,46.9,67,96,7.36
464,Pasni,PK,5/27/2022 21:34,25.2631,63.471,80.74,90,0,10.98
465,Nishihara,JP,5/27/2022 21:34,26.1842,127.7558,71.65,100,100,11.5
466,Nouakchott,MR,5/27/2022 21:34,18.0858,-15.9785,69.73,80,67,9.22
467,Riyadh,SA,5/27/2022 21:31,24.6877,46.7219,86.14,18,6,8.25
468,Prabumulih,ID,5/27/2022 21:34,-3.45,104.25,71.31,98,100,2.46
469,Sonqor,IR,5/27/2022 21:34,34.7837,47.6004,56.93,28,0,4.07
470,Saint-Louis,SN,5/27/2022 21:34,16.3333,-15,76.64,61,92,1.92
471,Petropavlovsk-Kamchatskiy,RU,5/27/2022 21:34,53.0452,158.6483,54.19,44,0,8.95
472,Terrak,NO,5/27/2022 21:34,65.087,12.3715,46.27,99,100,7.18
473,Ulety,RU,5/27/2022 21:34,51.3572,112.4849,40.55,60,63,5.03
474,Lulea,SE,5/27/2022 21:34,65.5842,22.1547,44.67,87,40,12.66
475,Maarianhamina,AX,5/27/2022 21:34,60.0973,19.9348,48.06,93,75,3.44
476,Chicama,PE,5/27/2022 21:34,-7.8447,-79.1469,63.14,70,15,7.78
477,Emerald,AU,5/27/2022 21:34,-23.5333,148.1667,64.47,58,20,5.61
478,Touros,BR,5/27/2022 21:34,-5.1989,-35.4608,76.23,92,100,12.57
479,Abu Samrah,SY,5/27/2022 21:34,35.3029,37.1841,75.9,34,0,2.91
480,Yerbogachen,RU,5/27/2022 21:34,61.2767,108.0108,38.44,56,7,5.55
481,Kathmandu,NP,5/27/2022 21:31,27.7167,85.3167,66.42,94,75,0
482,Port Hardy,CA,5/27/2022 21:30,50.6996,-127.4199,55.58,82,75,8.05
483,El Dorado,US,5/27/2022 21:34,38.7666,-120.5177,77.63,48,100,1.01
484,Oussouye,SN,5/27/2022 21:34,12.485,-16.5469,80.69,77,97,6.96
485,Koshurnikovo,RU,5/27/2022 21:34,54.1667,93.3,39.83,74,0,4.68
486,Kishtwar,IN,5/27/2022 21:34,33.3167,75.7667,59.5,73,49,5.08
487,La Ronge,CA,5/27/2022 21:34,55.1001,-105.2842,61.05,44,75,16.11
488,Khanewal,PK,5/27/2022 21:29,30.3,71.9333,99.59,15,25,3
489,Ghanzi,BW,5/27/2022 21:34,-21.5667,21.7833,59.77,27,0,7.72
490,Azul,AR,5/27/2022 21:32,-36.777,-59.8585,52.34,62,97,5.14
491,Rio Grande,BR,5/27/2022 21:34,-32.035,-52.0986,68.11,94,91,8.95
492,Ponta Delgada,PT,5/27/2022 21:34,37.7333,-25.6667,69.49,82,20,8.05
493,Hamilton,US,5/27/2022 21:30,39.1834,-84.5333,66.11,89,100,11.5
494,Tigil,RU,5/27/2022 21:34,57.8,158.6667,37.87,78,100,7.58
495,Winona,US,5/27/2022 21:34,43.9666,-91.7668,71.44,65,0,4.41
496,Pakokku,MM,5/27/2022 21:34,21.3333,95.1,83.07,63,68,10.87
497,Bahia Honda,CU,5/27/2022 21:34,22.9036,-83.1592,82.31,69,100,4.43
498,Toyota,JP,5/27/2022 21:34,35.0833,137.15,68.56,69,3,5.59
499,Yar-Sale,RU,5/27/2022 21:34,66.8333,70.8333,50.94,50,66,10.51
500,Lagoa,PT,5/27/2022 21:34,39.05,-27.9833,62.15,96,100,20.42
501,Seoul,KR,5/27/2022 21:31,37.5683,126.9778,60.37,85,75,6.91
502,Darhan,MN,5/27/2022 21:34,49.4867,105.9228,51.55,39,100,2.95
503,Murindo,CO,5/27/2022 21:34,6.9848,-76.7544,77.61,93,98,1.83
504,Mkushi,ZM,5/27/2022 21:34,-13.6202,29.3939,57.65,63,0,8.08
505,Okahandja,NA,5/27/2022 21:34,-21.9833,16.9167,58.32,27,0,7.18
506,Lorengau,PG,5/27/2022 21:34,-2.0226,147.2712,80.89,68,98,2.55
507,Malakal,SS,5/27/2022 21:34,9.5334,31.6605,82.85,52,28,5.84
508,Bavly,RU,5/27/2022 21:35,54.393,53.2602,50.47,94,99,13.62
509,Limoux,FR,5/27/2022 21:35,42.9167,2.1667,65.52,87,0,7.36
510,Mount Gambier,AU,5/27/2022 21:35,-37.8333,140.7667,45,95,97,5.5
511,Along,IN,5/27/2022 21:34,28.1667,94.7667,69.51,98,54,1.43
512,Changji,CN,5/27/2022 21:35,44.0167,87.3167,75.99,41,0,4.47
513,Bom Jesus,BR,5/27/2022 21:35,-9.0744,-44.3586,83.1,41,95,4.61
514,Xuanzhou,CN,5/27/2022 21:35,30.9525,118.7553,71.17,82,100,6.53
515,Sinegorye,RU,5/27/2022 21:35,62.0788,150.477,39.79,71,70,3.87
516,Ruangwa,TZ,5/27/2022 21:35,-10.0667,38.9333,70.66,73,78,4
517,Bialystok,PL,5/27/2022 21:35,53.1333,23.15,47.97,66,58,11.12
518,Chihuahua,MX,5/27/2022 21:32,28.5,-106,92.23,9,7,13.56
519,Jaru,BR,5/27/2022 21:35,-10.4389,-62.4664,77.32,70,3,3.56
520,Cascas,PE,5/27/2022 21:35,-7.4833,-78.8167,69.82,62,26,6.31
521,Sampit,ID,5/27/2022 21:35,-2.5333,112.95,72.97,92,90,1.57
522,Taltal,CL,5/27/2022 21:31,-25.4,-70.4833,61.12,79,35,6.08
523,Tuatapere,NZ,5/27/2022 21:35,-46.1333,167.6833,48.76,87,99,5.26
524,Kungurtug,RU,5/27/2022 21:35,50.5994,97.5228,44.64,66,47,8.97
525,Visby,SE,5/27/2022 21:35,57.6409,18.296,50.83,81,100,10.36
526,Ugoofaaru,MV,5/27/2022 21:35,5.6667,73,82.2,76,79,14.09
527,Vaitape,PF,5/27/2022 21:35,-16.5167,-151.75,81.01,63,3,17.69
528,Biharamulo,TZ,5/27/2022 21:35,-2.6319,31.3089,60.6,92,86,2.13
529,Solvychegodsk,RU,5/27/2022 21:35,61.3305,46.9156,49.51,95,100,7.92
530,Montes Claros,BR,5/27/2022 21:34,-16.735,-43.8617,69.58,49,0,9.22
531,Barranca,PE,5/27/2022 21:34,-10.75,-77.7667,65.16,76,14,10.71
532,Gunjur,GM,5/27/2022 21:35,13.2019,-16.7339,75.27,94,75,4.61
533,Kargopol,RU,5/27/2022 21:35,61.5071,38.9456,47.39,86,92,2.84
534,Manaus,BR,5/27/2022 21:35,-3.1019,-60.025,86.5,79,40,6.91
535,Port Macquarie,AU,5/27/2022 21:35,-31.4333,152.9167,53.89,88,34,3.94
536,Sajanan,TN,5/27/2022 21:35,37.0573,9.2426,61.72,90,88,17.6
537,Ilula,TZ,5/27/2022 21:35,-7.6766,36.0366,60.76,91,57,6.87
538,Ballina,AU,5/27/2022 21:35,-28.8667,153.5667,61.79,92,25,7.09
539,Marsh Harbour,BS,5/27/2022 21:35,26.5412,-77.0636,79.88,71,99,15.05
540,Opuwo,NA,5/27/2022 21:31,-18.0607,13.84,62.74,30,0,5.75
541,Padang,ID,5/27/2022 21:35,-0.9492,100.3543,76.8,85,89,1.66
542,Moron,AR,5/27/2022 21:35,-34.6534,-58.6198,55.96,80,17,5.1
543,Batagay,RU,5/27/2022 21:35,67.6333,134.6333,41.47,44,17,3.69
544,Upata,VE,5/27/2022 21:35,8.0086,-62.3989,83.19,67,93,2.44
545,Hanna,CA,5/27/2022 21:35,51.6334,-111.9018,70.86,42,76,17
546,Grand Gaube,MU,5/27/2022 21:35,-20.0064,57.6608,70.2,79,0,1.99
547,At-Bashi,KG,5/27/2022 21:35,41.1702,75.8106,55.71,55,97,2.15
548,Sheltozero,RU,5/27/2022 21:35,61.3667,35.3667,45.77,96,100,5.01
549,Luwuk,ID,5/27/2022 21:35,-0.9516,122.7875,76.3,86,100,1.83
550,Pahrump,US,5/27/2022 21:32,36.2083,-115.9839,97.25,8,76,11.01
551,Baghdad,IQ,5/27/2022 21:30,33.3406,44.4009,73.31,23,0,1.14
552,Inzer,RU,5/27/2022 21:35,54.2167,57.5556,52.52,90,100,11.36
553,Susanville,US,5/27/2022 21:35,40.4163,-120.653,74.91,28,0,23.02
554,Plonsk,PL,5/27/2022 21:36,52.6235,20.3755,48.24,79,39,13.06
555,Khash,IR,5/27/2022 21:36,28.2211,61.2158,74.26,19,0,13.47
556,Dwarka,IN,5/27/2022 21:36,22.2394,68.9678,81.3,82,51,22.55
557,Esna,EG,5/27/2022 21:36,25.2934,32.554,89.62,19,0,14.14
558,Vanimo,PG,5/27/2022 21:36,-2.6741,141.3028,79.12,82,92,3.44
559,Berbera,SO,5/27/2022 21:36,10.4396,45.0143,84.27,83,71,5.75
560,Plastun,RU,5/27/2022 21:36,44.7561,136.2939,49.71,97,99,3.53
561,Cabedelo,BR,5/27/2022 21:33,-6.9811,-34.8339,77.67,88,88,14.41
562,Inuvik,CA,5/27/2022 21:36,68.3499,-133.7218,41.76,68,75,16.11
563,Tottori,JP,5/27/2022 21:33,35.5,134.2333,62.67,77,20,6.91
564,Bayir,TR,5/27/2022 21:36,37.2687,28.2167,64.92,49,7,3.42
565,Madison,US,5/27/2022 21:33,34.7334,-86.5667,72.5,70,100,11.5
566,Sinnamary,GF,5/27/2022 21:36,5.3833,-52.95,78.37,83,65,9.55
567,Vao,NC,5/27/2022 21:36,-22.6667,167.4833,72.03,86,100,22.24
568,Wisconsin Rapids,US,5/27/2022 21:36,44.3836,-89.8174,73.4,48,40,5.75
569,Rameshki,RU,5/27/2022 21:36,57.3439,36.0453,42.4,98,74,5.03
570,Bandarbeyla,SO,5/27/2022 21:36,9.4942,50.8122,80.31,79,75,17.9
571,Wilhelmshaven,DE,5/27/2022 21:36,53.5167,8.1333,52.03,78,14,19.26
572,Salinopolis,BR,5/27/2022 21:36,-0.6136,-47.3561,78.51,84,34,9.51
573,Richards Bay,ZA,5/27/2022 21:36,-28.783,32.0377,67.23,86,20,9.24
574,Maceio,BR,5/27/2022 21:36,-9.6658,-35.7353,80.04,69,75,6.91
575,Clinton,US,5/27/2022 21:37,42.587,-82.9199,75.96,91,100,10.36
576,Gewane,ET,5/27/2022 21:37,10.1664,40.6453,88.63,22,100,5.14
577,Auki,SB,5/27/2022 21:37,-8.7676,160.7034,77.29,87,100,1.28
578,Puerto Princesa,PH,5/27/2022 21:37,9.7392,118.7353,76.98,94,100,4.61
579,Bankura,IN,5/27/2022 21:37,23.25,87.0667,87.66,33,22,2.01
580,Matagami,CA,5/27/2022 21:32,49.7502,-77.6328,51.91,93,100,9.22
581,Horsham,GB,5/27/2022 21:36,51.064,-0.3272,59.11,51,0,8.05
582,San Matias,BO,5/27/2022 21:37,-16.3667,-58.4,81.5,35,16,6.2
