City_ID,City,Country,Date,Lat,Lng,Max Temp,Humidity,Cloudiness,Wind Speed,Current Description
0,Jamestown,US,2022-05-28 20:54:59,42.097,-79.2353,67.01,76,75,5.75,Clouds
1,Baykit,RU,2022-05-28 20:55:00,61.67,96.37,46.71,61,99,3.24,Clouds
2,Arraial Do Cabo,BR,2022-05-28 20:55:00,-22.9661,-42.0278,75.16,78,75,9.22,Clouds
3,Mataura,NZ,2022-05-28 20:55:00,-46.1927,168.8643,40.48,90,100,2.91,Clouds
4,Bethel,US,2022-05-28 20:55:01,41.3712,-73.414,70.02,90,78,4.92,Rain
5,Nanortalik,GL,2022-05-28 20:55:01,60.1432,-45.2371,41.0,81,96,7.0,Clouds
6,Adrar,MR,2022-05-28 20:55:01,20.5022,-10.0711,89.38,31,35,7.61,Clouds
7,Sao Filipe,CV,2022-05-28 20:55:02,14.8961,-24.4956,73.8,85,46,7.94,Clouds
8,Hamilton,US,2022-05-28 20:51:38,39.1834,-84.5333,76.24,70,100,4.61,Clouds
9,Abu Kamal,SY,2022-05-28 20:55:03,34.4506,40.9171,85.86,12,67,3.53,Clouds
10,Susangerd,IR,2022-05-28 20:55:03,31.5608,48.1831,87.12,9,0,8.25,Clear
11,Cape Town,ZA,2022-05-28 20:51:12,-33.9258,18.4232,62.38,87,75,18.41,Rain
12,Nikolskoye,RU,2022-05-28 20:55:04,59.7035,30.7861,46.78,96,17,1.19,Clouds
13,Veraval,IN,2022-05-28 20:51:22,20.9,70.3667,82.44,75,99,16.71,Clouds
14,Ushuaia,AR,2022-05-28 20:51:29,-54.8,-68.3,37.06,81,40,20.71,Clouds
15,Aklavik,CA,2022-05-28 20:55:05,68.2191,-135.0107,41.0,65,75,3.44,Clouds
16,Busselton,AU,2022-05-28 20:55:05,-33.65,115.3333,55.76,65,100,14.74,Clouds
17,Severo-Kurilsk,RU,2022-05-28 20:55:06,50.6789,156.125,43.59,96,100,9.46,Clouds
18,Bluff,NZ,2022-05-28 20:55:06,-46.6,168.3333,40.8,86,99,6.6,Clouds
19,Camacupa,AO,2022-05-28 20:55:07,-12.0167,17.4833,58.33,44,0,2.35,Clear
20,Leshukonskoye,RU,2022-05-28 20:55:07,64.8989,45.7622,45.37,97,13,4.74,Clouds
21,Hobart,AU,2022-05-28 20:55:07,-42.8794,147.3294,39.06,93,20,5.75,Clouds
22,Yellowknife,CA,2022-05-28 20:54:13,62.456,-114.3525,59.56,36,75,15.01,Clouds
23,Chuy,UY,2022-05-28 20:55:08,-33.6971,-53.4616,55.29,76,99,3.8,Clouds
24,Tuktoyaktuk,CA,2022-05-28 20:55:08,69.4541,-133.0374,28.4,80,40,6.91,Clouds
25,Avarua,CK,2022-05-28 20:50:13,-21.2078,-159.775,82.45,69,75,8.05,Clouds
26,Codrington,AU,2022-05-28 20:55:09,-38.2667,141.9667,44.65,89,73,7.94,Clouds
27,Namatanai,PG,2022-05-28 20:55:09,-3.6667,152.4333,79.63,76,71,2.46,Clouds
28,Albany,US,2022-05-28 20:55:09,42.6001,-73.9662,73.4,78,87,1.01,Clouds
29,Benghazi,LY,2022-05-28 20:55:10,32.1167,20.0667,71.17,76,27,12.44,Clouds
30,Chapais,CA,2022-05-28 20:55:10,49.7834,-74.8492,65.98,33,67,13.06,Clouds
31,Kapaa,US,2022-05-28 20:55:10,22.0752,-159.319,81.12,70,100,4.0,Clouds
32,Butaritari,KI,2022-05-28 20:55:11,3.0707,172.7902,81.55,75,100,16.8,Clouds
33,Dikson,RU,2022-05-28 20:55:11,73.5069,80.5464,30.4,83,100,13.85,Clouds
34,Klaksvik,FO,2022-05-28 20:55:11,62.2266,-6.589,47.32,84,40,20.74,Clouds
35,Qaanaaq,GL,2022-05-28 20:55:12,77.484,-69.3632,26.35,63,93,13.2,Clouds
36,Broome,US,2022-05-28 20:55:12,42.2506,-75.833,67.8,69,100,9.22,Clouds
37,Port Elizabeth,ZA,2022-05-28 20:54:31,-33.918,25.5701,61.32,86,100,17.27,Clouds
38,Leh,IN,2022-05-28 20:55:13,34.1667,77.5833,51.89,46,95,5.37,Clouds
39,Mason City,US,2022-05-28 20:50:35,43.1536,-93.201,86.27,39,0,26.46,Clear
40,Mar Del Plata,AR,2022-05-28 20:51:14,-38.0023,-57.5575,52.09,67,0,6.91,Clear
41,Atuona,PF,2022-05-28 20:55:13,-9.8,-139.0333,78.39,77,22,17.43,Clouds
42,East London,ZA,2022-05-28 20:55:14,-33.0153,27.9116,64.04,79,0,15.32,Clear
43,Tecolutla,MX,2022-05-28 20:55:14,20.4833,-97.0167,86.58,59,59,14.23,Clouds
44,Clarence Town,AU,2022-05-28 20:55:15,-32.5833,151.7833,52.95,86,0,7.11,Clear
45,Vaitape,PF,2022-05-28 20:56:15,-16.5167,-151.75,81.27,69,51,16.28,Clouds
46,Saskylakh,RU,2022-05-28 20:56:16,71.9167,114.0833,17.65,98,84,2.21,Clouds
47,Isangel,VU,2022-05-28 20:56:16,-19.55,169.2667,77.95,80,2,5.06,Clear
48,Puerto Ayora,EC,2022-05-28 20:56:16,-0.7393,-90.3518,80.56,85,88,8.99,Clouds
49,Acarau,BR,2022-05-28 20:56:17,-2.8856,-40.12,77.47,87,37,12.03,Clouds
50,Punta Arenas,CL,2022-05-28 20:53:57,-53.15,-70.9167,42.82,65,40,17.27,Clouds
51,Kaura Namoda,NG,2022-05-28 20:56:17,12.5898,6.5779,94.53,21,31,1.12,Clouds
52,Iqaluit,CA,2022-05-28 20:56:18,63.7506,-68.5145,29.93,86,75,17.27,Clouds
53,Mandalgovi,MN,2022-05-28 20:56:18,45.7625,106.2708,39.24,56,93,13.78,Clouds
54,Felanitx,ES,2022-05-28 20:56:19,39.4696,3.1483,70.95,69,0,8.3,Clear
55,Hithadhoo,MV,2022-05-28 20:56:19,-0.6,73.0833,83.86,68,86,10.47,Clouds
56,Orange,US,2022-05-28 20:56:19,33.7,-117.7675,72.86,66,100,10.36,Clouds
57,Kirkwall,GB,2022-05-28 20:56:20,58.9848,-2.9587,46.45,76,100,18.41,Clouds
58,Katsuura,JP,2022-05-28 20:56:20,35.1333,140.3,67.98,81,100,5.5,Clouds
59,Cabo San Lucas,MX,2022-05-28 20:52:40,22.8909,-109.9124,94.6,54,0,10.09,Clear
60,Lavrentiya,RU,2022-05-28 20:56:20,65.5833,-171.0,35.1,96,99,3.11,Clouds
61,Clyde River,CA,2022-05-28 20:56:21,70.4692,-68.5914,28.63,80,100,11.5,Clouds
62,Te Anau,NZ,2022-05-28 20:56:22,-45.4167,167.7167,43.9,91,100,1.77,Clouds
63,Upernavik,GL,2022-05-28 20:56:22,72.7868,-56.1549,28.58,79,88,8.63,Clouds
64,Teya,RU,2022-05-28 20:56:22,60.3778,92.6267,45.75,63,70,3.96,Clouds
65,Khatanga,RU,2022-05-28 20:56:23,71.9667,102.5,31.82,92,100,11.83,Clouds
66,Tulum,MX,2022-05-28 20:56:23,20.2167,-87.4667,86.2,58,97,8.81,Clouds
67,Goderich,CA,2022-05-28 20:56:05,43.7501,-81.7165,54.91,82,99,6.91,Clouds
68,Bredy,RU,2022-05-28 20:56:24,52.4153,60.3411,55.35,75,100,10.71,Clouds
69,Beringovskiy,RU,2022-05-28 20:56:24,63.05,179.3167,40.19,79,14,5.35,Clouds
70,Ahipara,NZ,2022-05-28 20:56:24,-35.1667,173.1667,62.28,71,100,20.51,Clouds
71,Rikitea,PF,2022-05-28 20:56:25,-23.1203,-134.9692,76.08,71,1,7.45,Clear
72,Inhambane,MZ,2022-05-28 20:56:25,-23.865,35.3833,68.61,79,0,6.35,Clear
73,Port Alfred,ZA,2022-05-28 20:54:12,-33.5906,26.891,59.18,91,9,1.01,Clear
74,Ulaangom,MN,2022-05-28 20:56:26,49.9811,92.0667,62.11,35,27,3.83,Clouds
75,Hilo,US,2022-05-28 20:55:02,19.7297,-155.09,85.28,87,98,5.99,Clouds
76,Slidell,US,2022-05-28 20:55:26,30.2752,-89.7812,88.3,45,0,5.01,Clear
77,Neya,RU,2022-05-28 20:56:27,58.2972,43.8681,44.1,97,77,4.97,Clouds
78,Quatre Cocos,MU,2022-05-28 20:56:27,-20.2078,57.7625,75.31,74,48,19.8,Rain
79,Ilulissat,GL,2022-05-28 20:56:27,69.2167,-51.1,34.09,86,100,10.67,Clouds
80,Pevek,RU,2022-05-28 20:56:28,69.7008,170.3133,30.38,71,91,4.25,Clouds
81,Groningen,NL,2022-05-28 20:54:17,53.25,6.75,52.02,85,75,9.22,Rain
82,Valga,EE,2022-05-28 20:56:28,57.7778,26.0473,45.0,86,100,4.27,Clouds
83,Aksarka,RU,2022-05-28 20:56:29,66.5606,67.7975,46.15,55,5,18.16,Clear
84,Aksu,CN,2022-05-28 20:56:29,41.1231,80.2644,77.4,23,90,14.25,Clouds
85,Vaini,TO,2022-05-28 20:56:29,-21.2,-175.2,78.96,94,75,6.91,Clouds
86,Pochutla,MX,2022-05-28 20:56:30,15.7432,-96.4661,77.81,79,100,6.38,Clouds
87,Ponta Do Sol,PT,2022-05-28 20:57:30,32.6667,-17.1,68.0,76,38,7.0,Clouds
88,Tokur,RU,2022-05-28 20:57:31,53.1333,132.9,39.51,91,100,3.2,Rain
89,Norman Wells,CA,2022-05-28 20:56:55,65.282,-126.8329,51.84,43,75,10.36,Clouds
90,Souillac,MU,2022-05-28 20:57:31,-20.5167,57.5167,75.58,69,40,14.97,Clouds
91,Faya,SA,2022-05-28 20:57:32,18.3851,42.4509,68.52,43,10,2.01,Rain
92,Georgetown,MY,2022-05-28 20:57:32,5.4112,100.3354,80.53,88,20,5.01,Clouds
93,Morondava,MG,2022-05-28 20:57:33,-20.2833,44.2833,72.99,59,0,9.64,Clear
94,North Bend,US,2022-05-28 20:54:46,43.4065,-124.2243,56.25,97,100,23.02,Mist
95,Bredasdorp,ZA,2022-05-28 20:57:33,-34.5322,20.0403,58.42,72,2,14.38,Clear
96,Kvareli,GE,2022-05-28 20:57:34,41.9524,45.8151,61.65,63,2,6.44,Clear
97,Cuamba,MZ,2022-05-28 20:57:34,-14.8031,36.5372,60.12,88,0,3.65,Clear
98,Saint-Philippe,RE,2022-05-28 20:57:34,-21.3585,55.7679,67.59,67,50,12.88,Clouds
99,Castro,BR,2022-05-28 20:57:35,-24.7911,-50.0119,60.76,75,21,4.94,Clouds
100,Inirida,CO,2022-05-28 20:57:35,3.8653,-67.9239,81.23,85,67,1.28,Clouds
101,Coihaique,CL,2022-05-28 20:54:01,-45.5752,-72.0662,39.81,65,20,0.0,Clouds
102,Karasjok,NO,2022-05-28 20:57:35,69.4719,25.5112,47.62,81,59,5.91,Clouds
103,Puerto Escondido,MX,2022-05-28 20:57:36,15.85,-97.0667,80.91,77,100,14.03,Clouds
104,Xinan,CN,2022-05-28 20:57:36,26.72,119.8556,69.4,96,100,2.62,Clouds
105,Edd,ER,2022-05-28 20:57:37,13.9297,41.6925,88.66,63,69,9.66,Clouds
106,Barra Do Garcas,BR,2022-05-28 20:54:09,-15.89,-52.2567,86.58,42,40,4.61,Clouds
107,Northam,GB,2022-05-28 20:57:37,51.0333,-4.2167,54.61,84,50,9.64,Clouds
108,Great Yarmouth,GB,2022-05-28 20:57:38,52.6083,1.7305,52.05,76,4,13.71,Clear
109,Yumen,CN,2022-05-28 20:57:38,40.2833,97.2,61.56,48,92,2.48,Clouds
110,Nanpiao,CN,2022-05-28 20:57:39,41.0982,120.7479,63.16,68,100,4.32,Clouds
111,Darnah,LY,2022-05-28 20:57:39,32.767,22.6367,75.42,57,59,6.13,Clouds
112,Setermoen,NO,2022-05-28 20:57:40,68.861,18.3486,49.96,71,20,1.99,Clouds
113,Mount Isa,AU,2022-05-28 20:57:40,-20.7333,139.5,47.97,71,4,0.0,Clear
114,Lorengau,PG,2022-05-28 20:57:40,-2.0226,147.2712,79.39,75,59,1.95,Clouds
115,Lebu,CL,2022-05-28 20:57:41,-37.6167,-73.65,48.02,67,2,20.02,Clear
116,Saint George,US,2022-05-28 20:57:42,37.1041,-113.5841,91.63,11,92,10.0,Clouds
117,Kumo,NG,2022-05-28 20:57:42,10.0447,11.2122,87.53,36,0,10.2,Clear
118,Kaitangata,NZ,2022-05-28 20:57:42,-46.2817,169.8464,43.27,83,100,3.04,Clouds
119,Ossora,RU,2022-05-28 20:57:43,59.2353,163.0719,38.75,93,99,3.18,Clouds
120,Coahuayana,MX,2022-05-28 20:57:43,18.7333,-103.6833,90.72,48,90,8.66,Clouds
121,Taltal,CL,2022-05-28 20:57:43,-25.4,-70.4833,59.81,77,23,5.73,Clouds
122,Puerto Del Rosario,ES,2022-05-28 20:57:44,28.5004,-13.8627,71.35,60,0,9.22,Clear
123,Sabya,SA,2022-05-28 20:57:44,17.1495,42.6254,89.22,56,7,3.33,Clear
124,Airai,TL,2022-05-28 20:57:44,-8.9266,125.4092,57.18,87,17,1.92,Clouds
125,Atbasar,KZ,2022-05-28 20:57:45,51.8,68.3333,55.87,70,15,5.57,Clouds
126,Carnarvon,AU,2022-05-28 20:57:45,-24.8667,113.6333,67.06,66,100,21.85,Clouds
127,Puerto Lleras,CO,2022-05-28 20:57:46,3.0223,-73.4044,79.93,85,75,1.68,Clouds
128,Nautla,MX,2022-05-28 20:57:46,20.2167,-96.7833,87.82,57,68,14.27,Clouds
129,Vardo,NO,2022-05-28 20:57:46,70.3705,31.1107,40.98,93,40,0.0,Clouds
130,Dharchula,IN,2022-05-28 20:57:47,29.85,80.5333,68.61,75,73,2.13,Clouds
131,Lianzhou,CN,2022-05-28 20:57:47,24.7811,112.3825,73.94,98,99,3.94,Clouds
132,Mongu,ZM,2022-05-28 20:57:48,-15.2484,23.1274,59.49,42,0,5.53,Clear
133,Takoradi,GH,2022-05-28 20:57:48,4.8845,-1.7554,79.34,85,92,7.9,Clouds
134,Sur,OM,2022-05-28 20:57:48,22.5667,59.5289,86.47,61,0,10.94,Clear
135,New Norfolk,AU,2022-05-28 20:57:49,-42.7826,147.0587,38.7,92,80,0.65,Clouds
136,Padang,ID,2022-05-28 20:58:49,-0.9492,100.3543,77.02,79,100,3.06,Clouds
137,Kavaratti,IN,2022-05-28 20:58:49,10.5669,72.642,81.39,79,81,9.69,Clouds
138,Bethausen,RO,2022-05-28 20:58:50,45.8331,21.9528,53.8,87,99,4.34,Rain
139,Lovrenc Na Pohorju,SI,2022-05-28 20:58:50,46.5406,15.3931,52.32,95,100,1.19,Clouds
140,Lompoc,US,2022-05-28 20:58:50,34.6391,-120.4579,73.78,72,75,18.01,Clouds
141,Booue,GA,2022-05-28 20:58:51,-0.0921,11.9385,74.59,92,93,1.16,Rain
142,Mitsamiouli,KM,2022-05-28 20:58:51,-11.3847,43.2844,78.44,71,29,6.73,Clouds
143,Yabrud,SY,2022-05-28 20:58:52,33.9674,36.6574,66.02,31,12,2.35,Clouds
144,Dombarovskiy,RU,2022-05-28 20:58:52,50.7587,59.5386,57.87,63,83,9.33,Clouds
145,Beira,MZ,2022-05-28 20:58:53,-19.8436,34.8389,69.94,74,0,4.47,Clear
146,Tiksi,RU,2022-05-28 20:58:53,71.6872,128.8694,30.76,95,100,2.89,Clouds
147,Hermanus,ZA,2022-05-28 20:58:53,-34.4187,19.2345,60.8,81,5,18.66,Rain
148,Namibe,AO,2022-05-28 20:58:54,-15.1961,12.1522,64.76,84,64,6.46,Clouds
149,Ngunguru,NZ,2022-05-28 20:58:54,-35.6167,174.5,62.49,68,100,22.88,Rain
150,Leningradskiy,RU,2022-05-28 20:58:54,69.3833,178.4167,31.1,86,97,2.77,Clouds
151,Pimenteiras,BR,2022-05-28 20:58:55,-6.2453,-41.4192,77.02,63,99,3.62,Clouds
152,Kalachinsk,RU,2022-05-28 20:58:55,55.0529,74.5751,59.27,53,100,10.16,Clouds
153,Barrow,US,2022-05-28 20:58:55,71.2906,-156.7887,32.07,91,99,8.39,Clouds
154,Sadat,IN,2022-05-28 20:58:56,25.6833,83.2833,87.93,43,2,5.48,Clear
155,Batagay-Alyta,RU,2022-05-28 20:58:56,67.8006,130.4114,29.44,86,27,4.36,Clouds
156,Sindor,RU,2022-05-28 20:58:56,62.8629,51.8905,49.69,91,73,7.54,Clouds
157,Kirya,TZ,2022-05-28 20:58:57,-3.9167,37.4833,69.17,75,76,7.94,Clouds
158,Bandarbeyla,SO,2022-05-28 20:58:57,9.4942,50.8122,80.24,81,35,24.32,Clouds
159,Dargaville,NZ,2022-05-28 20:58:58,-35.9333,173.8833,60.46,69,100,15.3,Clouds
160,Vila Velha,BR,2022-05-28 20:55:12,-20.3297,-40.2925,75.15,83,0,4.61,Clear
161,Mahebourg,MU,2022-05-28 20:58:58,-20.4081,57.7,75.49,69,40,14.97,Clouds
162,Ribeira Grande,PT,2022-05-28 20:58:58,38.5167,-28.7,61.2,63,20,11.5,Clouds
163,Skjervoy,NO,2022-05-28 20:58:59,70.0311,20.9714,51.8,86,99,7.74,Clouds
164,Bath,GB,2022-05-28 20:55:32,51.3779,-2.3591,56.77,75,8,5.32,Clear
165,Santa Lucia,ES,2022-05-28 20:58:59,27.9117,-15.5407,63.72,60,75,13.8,Clouds
166,Koutiala,ML,2022-05-28 20:59:00,12.3917,-5.4642,95.72,25,37,6.08,Clouds
167,Mandera,KE,2022-05-28 20:59:00,3.9366,41.867,81.59,55,69,14.54,Clouds
168,Fort Frances,CA,2022-05-28 20:56:59,48.5999,-93.4003,68.05,66,87,1.99,Clouds
169,Sorland,NO,2022-05-28 20:59:01,67.667,12.6934,44.46,91,100,6.11,Clouds
170,Planeta Rica,CO,2022-05-28 20:59:01,8.4147,-75.5883,83.98,80,93,8.5,Clouds
171,Martapura,ID,2022-05-28 20:59:01,-3.4167,114.85,77.09,100,100,1.14,Clouds
172,Hami,CN,2022-05-28 20:56:21,42.8,93.45,73.53,14,4,7.94,Clear
173,Champua,IN,2022-05-28 20:59:02,22.0833,85.6667,85.8,38,95,2.19,Clouds
174,General Roca,AR,2022-05-28 20:59:02,-39.0333,-67.5833,48.61,27,0,10.58,Clear
175,Labuhan,ID,2022-05-28 20:59:03,-6.8844,112.2051,78.62,81,26,1.57,Clouds
176,Kruisfontein,ZA,2022-05-28 20:59:03,-34.0033,24.7314,56.88,91,1,7.49,Clear
177,Longyearbyen,SJ,2022-05-28 20:59:04,78.2186,15.6401,48.04,66,0,3.44,Clear
178,Hofn,IS,2022-05-28 20:59:04,64.2539,-15.2082,49.96,75,0,8.46,Clear
179,Kiama,AU,2022-05-28 20:59:04,-34.6833,150.8667,52.38,84,10,5.99,Clear
180,Plettenberg Bay,ZA,2022-05-28 20:59:05,-34.0527,23.3716,58.39,84,3,5.93,Clear
181,Kayerkan,RU,2022-05-28 20:59:05,69.3497,87.7602,28.53,92,22,13.4,Clouds
182,Hastings,GB,2022-05-28 20:59:05,50.8552,0.5729,54.27,82,79,11.3,Clouds
183,Marsh Harbour,BS,2022-05-28 20:59:06,26.5412,-77.0636,81.05,71,84,9.95,Rain
184,Havelock,US,2022-05-28 21:00:06,34.8791,-76.9013,82.98,77,39,5.01,Clouds
185,Hede,CN,2022-05-28 21:00:07,33.7681,120.2517,64.44,95,92,7.58,Clouds
186,Ilam,NP,2022-05-28 21:00:08,26.9167,87.9167,67.1,86,70,3.31,Rain
187,Praia Da Vitoria,PT,2022-05-28 21:00:09,38.7333,-27.0667,61.75,70,93,14.18,Clouds
188,Partizanskoye,RU,2022-05-28 21:00:10,55.5006,94.39,43.27,60,90,0.67,Clouds
189,Olafsvik,IS,2022-05-28 21:00:11,64.8945,-23.7142,50.67,71,100,9.57,Clouds
190,Provideniya,RU,2022-05-28 21:00:11,64.3833,-173.3,44.37,74,24,6.33,Clouds
191,Basay,PH,2022-05-28 21:00:12,9.4087,122.64,79.93,80,86,2.89,Clouds
192,Camacha,PT,2022-05-28 21:00:15,33.0833,-16.3333,63.82,72,75,11.5,Clouds
193,Alanya,TR,2022-05-28 21:00:16,36.5438,31.9998,78.08,52,6,2.75,Clear
194,Grindavik,IS,2022-05-28 21:00:19,63.8424,-22.4338,50.47,81,75,19.57,Clouds
195,Saint-Francois,FR,2022-05-28 21:00:21,46.4154,3.9054,58.44,51,0,9.22,Clear
196,Gazojak,TM,2022-05-28 21:00:21,41.1875,61.4036,71.71,24,0,9.06,Clear
197,Sooke,CA,2022-05-28 21:00:22,48.3746,-123.7276,56.52,81,100,6.89,Rain
198,Taoudenni,ML,2022-05-28 21:00:23,22.6783,-3.9836,96.96,18,99,15.14,Clouds
199,Kavieng,PG,2022-05-28 21:00:24,-2.5744,150.7967,80.89,74,97,4.9,Clouds
200,Tromso,NO,2022-05-28 21:00:24,69.6496,18.957,50.02,57,20,8.05,Clouds
201,Hobyo,SO,2022-05-28 21:00:25,5.3505,48.5268,78.26,82,46,23.29,Clouds
202,Macheng,CN,2022-05-28 21:00:25,31.1783,115.0319,68.47,95,99,3.89,Clouds
203,Laguna,US,2022-05-28 21:00:26,38.421,-121.4238,79.18,43,0,16.11,Clear
204,Simao,CN,2022-05-28 21:00:26,22.7886,100.9748,64.62,97,15,1.99,Clouds
205,Traralgon,AU,2022-05-28 21:00:27,-38.1833,146.5333,40.68,90,12,1.9,Clouds
206,Kaeo,NZ,2022-05-28 21:00:27,-35.1,173.7833,63.32,76,100,18.52,Clouds
207,Tolaga Bay,NZ,2022-05-28 21:00:28,-38.3667,178.3,52.83,77,47,3.65,Clouds
208,Tiarei,PF,2022-05-28 21:00:28,-17.5333,-149.3333,84.22,76,17,12.46,Rain
209,Seinajoki,FI,2022-05-28 21:00:29,62.7945,22.8282,47.34,80,20,2.3,Clouds
210,Turukhansk,RU,2022-05-28 21:00:29,65.8167,87.9833,44.56,68,2,6.62,Clear
211,Kot Isa Khan,IN,2022-05-28 21:00:29,30.95,75.1333,89.13,39,1,7.54,Clear
212,Bozoum,CF,2022-05-28 21:00:30,6.3193,16.3799,68.99,91,45,2.24,Rain
213,Janakpur,NP,2022-05-28 21:00:30,26.7183,85.9065,83.5,52,45,7.83,Clouds
214,Almeirim,BR,2022-05-28 21:00:31,-1.5233,-52.5817,77.45,92,83,3.53,Clouds
215,Saint Anthony,US,2022-05-28 21:00:31,45.0205,-93.218,89.35,48,75,12.66,Clouds
216,Paoua,CF,2022-05-28 21:00:32,7.2427,16.4406,74.82,70,78,6.35,Clouds
217,San Blas,MX,2022-05-28 21:00:32,21.5167,-105.2667,102.09,61,42,8.39,Clouds
218,Saint Paul,US,2022-05-28 20:58:26,44.9444,-93.0933,89.98,52,0,13.8,Clear
219,Vostok,RU,2022-05-28 21:00:33,46.4856,135.8833,51.6,86,100,3.87,Clouds
220,Luderitz,NA,2022-05-28 21:00:33,-26.6481,15.1594,54.63,88,0,8.37,Clear
221,Tomatlan,MX,2022-05-28 21:00:34,19.9333,-105.25,89.04,50,27,11.1,Clouds
222,Muli,MV,2022-05-28 21:00:34,2.9167,73.5667,83.64,73,25,15.39,Clouds
223,Kodiak,US,2022-05-28 21:00:35,57.79,-152.4072,60.67,48,19,3.15,Clouds
224,Sidhi,IN,2022-05-28 21:00:35,24.4167,81.8833,86.83,39,12,3.13,Clouds
225,Yeppoon,AU,2022-05-28 21:00:35,-23.1333,150.7333,56.98,79,0,5.84,Clear
226,Puteyets,RU,2022-05-28 21:00:36,65.1716,57.091,58.89,65,70,8.21,Clouds
227,Berezovyy,RU,2022-05-28 21:00:36,51.6667,135.7,42.73,98,100,1.83,Clouds
228,Nouadhibou,MR,2022-05-28 21:00:36,20.931,-17.0347,66.45,85,6,20.56,Clear
229,Suzhou,CN,2022-05-28 21:00:03,31.3114,120.6181,67.12,96,99,3.76,Rain
230,Karratha,AU,2022-05-28 21:01:37,-20.7377,116.8463,74.25,85,100,14.09,Rain
231,Manching,DE,2022-05-28 21:01:37,48.7166,11.4939,54.12,62,15,2.3,Clouds
232,Bandrele,YT,2022-05-28 21:01:38,-12.9067,45.1914,76.75,88,20,4.61,Clouds
233,Hanna,CA,2022-05-28 21:00:47,51.6334,-111.9018,65.86,31,58,5.99,Clouds
234,Sao Joao Da Barra,BR,2022-05-28 21:01:38,-21.6403,-41.0511,73.18,79,100,11.86,Clouds
235,Hurghada,EG,2022-05-28 21:00:29,27.2574,33.8129,83.73,34,0,15.17,Clear
236,Mareeba,AU,2022-05-28 21:01:39,-17.0,145.4333,57.43,95,72,2.19,Clouds
237,Baruun-Urt,MN,2022-05-28 21:01:39,46.6806,113.2792,42.84,61,100,15.7,Clouds
238,Cap Malheureux,MU,2022-05-28 21:01:11,-19.9842,57.6142,72.46,73,3,5.01,Clear
239,Sola,VU,2022-05-28 21:01:40,-13.8833,167.55,80.46,74,88,3.56,Clouds
240,Dalby,AU,2022-05-28 21:01:40,-27.1833,151.2667,50.99,98,37,1.01,Clouds
241,Narsaq,GL,2022-05-28 21:01:40,60.9167,-46.05,55.62,50,14,5.79,Clouds
242,Chase,CA,2022-05-28 21:01:41,50.8165,-119.6857,69.08,32,99,2.64,Clouds
243,Ararat,AM,2022-05-28 21:01:41,39.8317,44.7049,71.94,42,40,5.68,Clouds
244,Coquimbo,CL,2022-05-28 21:01:41,-29.9533,-71.3436,57.38,76,4,7.31,Clear
245,Ulladulla,AU,2022-05-28 21:01:42,-35.35,150.4667,51.26,87,18,7.23,Clouds
246,Caravelas,BR,2022-05-28 21:01:42,-17.7125,-39.2481,72.54,81,54,5.17,Clouds
247,Walvis Bay,NA,2022-05-28 21:01:43,-22.9575,14.5053,55.09,85,0,11.81,Clear
248,Rach Gia,VN,2022-05-28 21:01:43,10.0167,105.0833,80.4,83,100,18.7,Clouds
249,Los Llanos De Aridane,ES,2022-05-28 21:01:44,28.6585,-17.9182,65.95,77,100,6.91,Clouds
250,Breytovo,RU,2022-05-28 21:01:44,58.2993,37.8617,48.15,88,50,10.29,Clouds
251,Tasiilaq,GL,2022-05-28 21:01:44,65.6145,-37.6368,41.16,95,100,28.54,Rain
252,Sorrento,IT,2022-05-28 21:00:19,40.626,14.3744,72.88,95,36,4.05,Clouds
253,Fengcheng,CN,2022-05-28 21:01:45,40.4536,124.0717,58.6,92,88,5.3,Clouds
254,Pangai,TO,2022-05-28 21:01:46,-19.8,-174.35,79.59,85,94,16.06,Rain
255,At-Bashi,KG,2022-05-28 21:01:46,41.1702,75.8106,46.36,89,100,5.88,Clouds
256,Maneadero,MX,2022-05-28 21:01:46,31.7167,-116.5667,69.03,59,30,12.17,Clouds
257,Lucapa,AO,2022-05-28 21:01:47,-8.4192,20.7447,68.11,41,3,2.53,Clear
258,Smithers,CA,2022-05-28 21:01:47,54.7804,-127.1743,51.44,76,100,6.51,Rain
259,Atherton,GB,2022-05-28 21:01:47,53.5237,-2.4935,57.34,73,91,1.99,Clouds
260,Harrison,US,2022-05-28 21:01:48,30.4091,-89.0436,84.22,53,0,10.36,Clear
261,Tura,IN,2022-05-28 21:01:48,25.5198,90.2201,71.55,88,1,4.23,Clear
262,Bengkulu,ID,2022-05-28 21:01:49,-3.8004,102.2655,75.97,83,99,6.38,Clouds
263,Erzin,TR,2022-05-28 21:01:49,36.9559,36.2,73.02,54,9,1.92,Clear
264,Dingle,PH,2022-05-28 21:01:49,10.9995,122.6711,76.28,88,99,1.99,Clouds
265,Yar-Sale,RU,2022-05-28 21:01:50,66.8333,70.8333,41.36,73,8,17.67,Clear
266,Dunedin,NZ,2022-05-28 21:00:49,-45.8742,170.5036,46.8,68,100,1.99,Clouds
267,Viedma,AR,2022-05-28 21:01:50,-40.8135,-62.9967,43.77,61,20,12.91,Rain
268,Mogadishu,SO,2022-05-28 21:01:50,2.0371,45.3438,79.86,81,28,16.53,Clouds
269,Gerash,IR,2022-05-28 21:01:51,27.6652,54.1371,82.24,11,0,7.83,Clear
270,Egvekinot,RU,2022-05-28 21:01:51,66.3167,-179.1667,37.74,81,100,4.36,Clouds
271,Huilong,CN,2022-05-28 21:01:52,31.8111,121.655,68.94,97,100,11.05,Clouds
272,Sinnamary,GF,2022-05-28 21:02:52,5.3833,-52.95,80.47,75,8,8.75,Clear
273,Avera,US,2022-05-28 21:02:53,33.194,-82.5271,85.55,36,0,4.38,Clear
274,Acapulco,MX,2022-05-28 21:00:23,16.8634,-99.8901,84.29,71,96,8.43,Clouds
275,Auki,SB,2022-05-28 21:02:53,-8.7676,160.7034,79.48,81,52,2.48,Clouds
276,Acajutla,SV,2022-05-28 21:00:34,13.5928,-89.8275,84.31,68,51,5.82,Clouds
277,Kearney,US,2022-05-28 21:02:53,40.6995,-99.0815,85.91,43,0,13.8,Clear
278,Thyboron,DK,2022-05-28 21:02:54,56.6985,8.2124,50.09,87,64,13.13,Clouds
279,Dubbo,AU,2022-05-28 21:02:54,-32.25,148.6167,37.53,89,100,0.0,Clouds
280,Lata,PT,2022-05-28 21:02:55,40.1629,-8.3327,61.99,72,13,0.76,Clouds
281,Tananger,NO,2022-05-28 21:02:55,58.9333,5.6,48.29,75,20,24.16,Clouds
282,Pisco,PE,2022-05-28 21:02:55,-13.7,-76.2167,68.02,77,24,9.51,Clouds
283,Bentiu,SS,2022-05-28 21:02:56,9.2333,29.8333,83.03,53,98,7.2,Clouds
284,Orbetello,IT,2022-05-28 21:02:56,42.4408,11.2196,66.38,75,100,5.06,Clouds
285,Jumla,NP,2022-05-28 21:02:56,29.2747,82.1838,56.7,90,88,0.98,Clouds
286,Klaebu,NO,2022-05-28 21:02:57,63.2976,10.4826,43.03,90,100,17.65,Rain
287,Maumere,ID,2022-05-28 21:02:57,-8.6199,122.2111,79.25,79,77,2.28,Clouds
288,Matara,LK,2022-05-28 21:02:57,5.9485,80.5353,76.17,92,82,8.16,Clouds
289,Santa,PH,2022-05-28 21:02:58,17.486,120.4348,83.01,83,98,0.11,Clouds
290,Talnakh,RU,2022-05-28 21:02:58,69.4865,88.3972,31.42,84,6,8.48,Clear
291,Khandagayty,RU,2022-05-28 21:02:58,50.7333,92.05,56.16,47,91,8.28,Clouds
292,Strezhevoy,RU,2022-05-28 21:02:59,60.7333,77.5889,55.0,73,47,4.83,Clouds
293,Dhidhdhoo,MV,2022-05-28 21:02:59,6.8833,73.1,81.19,80,100,16.93,Clouds
294,Platteville,US,2022-05-28 20:59:22,42.7342,-90.4785,75.13,68,0,14.97,Clear
295,Kimbe,PG,2022-05-28 21:03:00,-5.5502,150.1429,76.06,90,23,3.58,Clouds
296,Bambous Virieux,MU,2022-05-28 21:03:00,-20.3428,57.7575,72.21,72,53,19.75,Rain
297,Kununurra,AU,2022-05-28 21:03:00,-15.7667,128.7333,57.18,88,15,0.0,Clouds
298,Comodoro Rivadavia,AR,2022-05-28 21:03:01,-45.8667,-67.5,44.46,36,20,23.02,Clouds
299,La Ronge,CA,2022-05-28 21:03:01,55.1001,-105.2842,57.6,58,100,9.04,Clouds
300,Faanui,PF,2022-05-28 21:03:02,-16.4833,-151.75,81.28,70,52,16.28,Clouds
301,Bumba,CD,2022-05-28 21:03:02,2.1833,22.4667,69.94,98,100,2.77,Clouds
302,Ostrovnoy,RU,2022-05-28 21:03:03,68.0531,39.5131,40.01,93,100,11.81,Rain
303,Busayra,JO,2022-05-28 21:03:03,30.7376,35.6078,69.71,37,83,3.76,Clouds
304,Otjiwarongo,NA,2022-05-28 21:03:04,-20.4637,16.6477,53.2,48,0,3.76,Clear
305,Badou,TG,2022-05-28 21:03:05,7.5833,0.6,74.55,92,19,3.36,Clouds
306,Husavik,IS,2022-05-28 21:03:05,66.0449,-17.3389,48.2,60,6,3.69,Clear
307,Portland,US,2022-05-28 21:02:36,45.5234,-122.6762,60.28,88,100,5.75,Rain
308,Port Blair,IN,2022-05-28 21:02:11,11.6667,92.75,81.66,83,99,15.86,Clouds
309,Najran,SA,2022-05-28 21:03:06,17.4924,44.1277,78.58,15,3,4.72,Clear
310,Torbay,CA,2022-05-28 21:03:06,47.6666,-52.7314,39.58,85,100,21.85,Clouds
311,Constitucion,CL,2022-05-28 21:03:07,-35.3333,-72.4167,51.76,53,60,9.06,Clouds
312,Krasnyy Yar,RU,2022-05-28 21:03:07,46.5331,48.3456,58.96,66,0,8.57,Clear
313,Teshie,GH,2022-05-28 21:03:07,5.5836,-0.1072,81.16,79,36,10.69,Clouds
314,Karatau,KZ,2022-05-28 21:03:08,43.1667,70.4667,53.98,67,11,3.76,Clouds
315,Lasa,IT,2022-05-28 21:03:08,46.6166,10.7002,55.36,87,96,4.59,Clouds
316,Cabedelo,BR,2022-05-28 21:03:09,-6.9811,-34.8339,74.07,87,100,5.68,Clouds
317,Thompson,CA,2022-05-28 20:58:12,55.7435,-97.8558,57.36,47,75,8.05,Clouds
318,San Quintin,MX,2022-05-28 21:03:09,30.4833,-115.95,66.42,66,13,18.59,Clouds
319,Yatou,CN,2022-05-28 21:03:10,37.15,122.3833,63.32,95,78,14.97,Clouds
320,Mayo,US,2022-05-28 21:03:10,38.8876,-76.5119,80.94,55,0,10.36,Clear
321,Beauly,GB,2022-05-28 21:04:10,57.484,-4.4587,48.22,79,63,5.99,Clouds
322,Itoman,JP,2022-05-28 21:04:11,26.1247,127.6694,79.57,100,100,14.97,Mist
323,Bay Roberts,CA,2022-05-28 21:04:11,47.5999,-53.2648,39.29,83,100,8.99,Rain
324,Ancud,CL,2022-05-28 21:04:12,-41.8697,-73.8203,46.17,69,61,8.48,Clouds
325,Awbari,LY,2022-05-28 21:04:12,26.5921,12.7805,83.3,14,0,4.65,Clear
326,Aksha,RU,2022-05-28 21:04:12,50.2814,113.2867,37.6,59,1,9.78,Clear
327,King City,US,2022-05-28 21:04:13,36.2127,-121.126,78.89,34,11,16.33,Clouds
328,Machico,PT,2022-05-28 21:04:13,32.7,-16.7667,68.0,82,75,5.75,Clouds
329,Wahiawa,US,2022-05-28 21:00:10,21.5028,-158.0236,78.19,69,100,5.55,Clouds
330,Sabang,ID,2022-05-28 21:04:14,5.8933,95.3214,82.69,79,100,23.51,Rain
331,Piacabucu,BR,2022-05-28 21:04:14,-10.4056,-36.4344,76.64,75,93,7.05,Clouds
332,Ciudad Valles,MX,2022-05-28 21:04:15,21.9833,-99.0167,101.37,23,55,9.48,Clouds
333,Kampot,KH,2022-05-28 21:04:15,10.6167,104.1833,82.45,88,100,9.86,Clouds
334,Moose Factory,CA,2022-05-28 21:04:16,51.2585,-80.6094,45.39,72,100,8.48,Clouds
335,Makasar,ID,2022-05-28 21:04:16,-5.14,119.4221,73.45,100,20,4.61,Clouds
336,Yining,CN,2022-05-28 21:04:16,29.0361,114.5636,69.66,98,100,2.21,Clouds
337,Eyl,SO,2022-05-28 21:04:17,7.9803,49.8164,80.29,77,16,20.15,Clouds
338,Itarema,BR,2022-05-28 21:04:17,-2.9248,-39.9167,77.34,86,49,11.16,Clouds
339,Rundu,NA,2022-05-28 21:04:18,-17.9333,19.7667,58.5,45,0,4.03,Clear
340,Mecca,SA,2022-05-28 21:03:12,21.4267,39.8261,88.57,19,3,4.68,Clear
341,Akyab,MM,2022-05-28 21:04:18,20.15,92.9,80.87,85,53,3.27,Clouds
342,San Borja,BO,2022-05-28 21:04:18,-14.8167,-66.85,77.49,86,64,1.77,Clouds
343,Cruz,BR,2022-05-28 21:04:19,-2.9178,-40.1717,76.55,89,33,10.71,Clouds
344,Semey,KZ,2022-05-28 21:04:19,50.4111,80.2275,67.28,66,100,7.18,Clouds
345,Oistins,BB,2022-05-28 21:04:20,13.0667,-59.5333,82.49,69,40,17.27,Clouds
346,Am Timan,TD,2022-05-28 21:04:20,11.0297,20.2827,87.8,41,93,14.18,Clouds
347,Geraldton,AU,2022-05-28 21:04:20,-28.7667,114.6,57.61,82,40,14.97,Clouds
348,Lagoa,PT,2022-05-28 21:04:21,39.05,-27.9833,58.19,68,65,21.59,Clouds
349,Fortuna,US,2022-05-28 21:04:21,40.5982,-124.1573,59.94,93,100,10.36,Clouds
350,Maceio,BR,2022-05-28 21:04:21,-9.6658,-35.7353,72.84,94,75,3.44,Rain
351,Flin Flon,CA,2022-05-28 21:04:22,54.7682,-101.865,65.1,41,100,10.2,Clouds
352,Kobryn,BY,2022-05-28 21:04:22,52.2138,24.3564,46.65,90,80,13.38,Clouds
353,Puerto Colombia,CO,2022-05-28 21:04:22,10.9878,-74.9547,87.89,73,21,15.43,Clouds
354,Portobelo,PA,2022-05-28 21:04:23,9.55,-79.65,83.1,86,100,6.91,Clouds
355,Tijara,IN,2022-05-28 21:04:23,27.9333,76.85,93.42,28,35,5.03,Clouds
356,Yoichi,JP,2022-05-28 21:01:35,43.2039,140.7703,51.6,92,100,10.25,Clouds
357,Benicarlo,ES,2022-05-28 21:02:22,40.4165,0.4271,76.89,57,1,7.47,Clear
358,Umm Lajj,SA,2022-05-28 21:04:10,25.0213,37.2685,84.67,42,0,6.06,Clear
359,Boa Vista,BR,2022-05-28 21:03:50,2.8197,-60.6733,91.38,46,40,12.66,Clouds
360,Jingdezhen,CN,2022-05-28 21:04:24,29.2947,117.2079,70.2,99,100,2.39,Rain
361,Coronado,US,2022-05-28 21:04:24,32.6859,-117.1831,72.93,71,75,17.27,Clouds
362,Bereda,ES,2022-05-28 21:04:25,43.2686,-7.5406,62.42,98,100,4.52,Clouds
363,Zambezi,ZM,2022-05-28 21:02:14,-13.5432,23.1047,58.78,49,0,5.1,Clear
364,Kalangala,UG,2022-05-28 21:04:25,-0.3089,32.225,70.95,71,79,9.19,Clouds
365,Minas,UY,2022-05-28 21:04:26,-34.3759,-55.2377,51.98,76,100,2.42,Clouds
366,Richards Bay,ZA,2022-05-28 21:04:26,-28.783,32.0377,68.04,79,0,11.74,Clear
367,Zelenogorskiy,RU,2022-05-28 21:04:26,55.0333,87.0,51.69,74,98,0.36,Clouds
368,Charters Towers,AU,2022-05-28 21:05:27,-20.1,146.2667,58.69,59,24,6.17,Clouds
369,Juneau,US,2022-05-28 21:05:27,58.3019,-134.4197,68.0,68,40,8.05,Clouds
370,Murakami,JP,2022-05-28 21:05:28,38.2333,139.4833,60.04,85,0,3.78,Clear
371,Tecpan,GT,2022-05-28 21:05:28,14.7623,-90.9947,59.88,96,100,2.86,Clouds
372,Caconde,BR,2022-05-28 21:05:28,-21.5294,-46.6439,61.54,72,69,4.68,Clouds
373,Charlottetown,CA,2022-05-28 21:05:29,46.2352,-63.1267,66.72,93,100,17.27,Rain
374,Cockburn Town,TC,2022-05-28 21:05:29,21.4612,-71.1419,80.46,79,8,18.19,Clear
375,Port Hardy,CA,2022-05-28 21:05:29,50.6996,-127.4199,52.16,74,82,7.0,Rain
376,Ghanzi,BW,2022-05-28 21:05:30,-21.5667,21.7833,62.08,32,0,6.06,Clear
377,Aysha,RU,2022-05-28 21:05:30,55.8704,48.6319,51.46,89,14,15.03,Clouds
378,Salinas,US,2022-05-28 21:05:24,36.6777,-121.6555,77.56,54,100,16.11,Clouds
379,Wamba,NG,2022-05-28 21:05:31,8.9333,8.6,77.34,72,0,2.89,Clear
380,Poum,NC,2022-05-28 21:05:31,-20.2333,164.0167,76.71,70,30,6.44,Clouds
381,Guerrero Negro,MX,2022-05-28 21:01:34,27.9769,-114.0611,69.75,58,12,17.74,Clouds
382,Nkhotakota,MW,2022-05-28 21:05:32,-12.9274,34.2961,66.52,56,9,4.76,Clear
383,Bandundu,CD,2022-05-28 21:05:32,-3.3167,17.3667,71.91,89,91,2.75,Rain
384,Hukuntsi,BW,2022-05-28 21:05:32,-24.0,21.75,63.14,31,0,11.9,Clear
385,Salalah,OM,2022-05-28 21:05:33,17.0151,54.0924,82.49,78,0,3.44,Clear
386,Paamiut,GL,2022-05-28 21:05:33,61.994,-49.6678,34.81,88,91,25.17,Clouds
387,Okhotsk,RU,2022-05-28 21:05:34,59.3833,143.3,39.24,80,63,5.08,Clouds
388,Saint-Louis,SN,2022-05-28 21:05:34,16.3333,-15.0,92.68,33,100,6.15,Clouds
389,Lazaro Cardenas,MX,2022-05-28 21:05:34,17.9583,-102.2,86.07,62,100,13.6,Clouds
390,Kempele,FI,2022-05-28 21:05:35,64.9131,25.5034,44.62,93,0,5.75,Clear
391,Morehead,US,2022-05-28 21:05:35,37.2711,-87.1764,74.86,64,40,3.44,Clouds
392,Orlik,RU,2022-05-28 21:05:35,52.5178,99.825,34.14,71,2,0.81,Clear
393,Bathsheba,BB,2022-05-28 21:05:36,13.2167,-59.5167,83.01,69,40,17.27,Clouds
394,Naryan-Mar,RU,2022-05-28 21:05:36,67.6713,53.087,55.22,55,45,13.53,Clouds
395,Seymchan,RU,2022-05-28 21:05:36,62.8833,152.4333,50.27,49,32,0.43,Clouds
396,Suntar,RU,2022-05-28 21:05:37,62.1444,117.6319,44.64,60,100,6.55,Clouds
397,Chifeng,CN,2022-05-28 21:05:37,42.2683,118.9636,72.41,29,97,13.62,Clouds
398,Bealanana,MG,2022-05-28 21:05:38,-14.55,48.7333,56.5,98,32,4.18,Clouds
399,Isla Vista,US,2022-05-28 21:05:38,34.4133,-119.861,75.9,70,40,9.22,Clouds
400,Fereydun Kenar,IR,2022-05-28 21:05:38,36.6864,52.5225,67.35,67,8,1.12,Clear
401,La Asuncion,VE,2022-05-28 21:05:39,11.0333,-63.8628,80.29,79,100,18.1,Clouds
402,Belyy Yar,RU,2022-05-28 21:05:39,53.6039,91.3903,46.29,66,0,0.0,Clear
403,Deputatskiy,RU,2022-05-28 21:05:40,69.3,139.9,28.4,81,25,1.39,Clouds
404,Udachnyy,RU,2022-05-28 21:05:40,66.4167,112.4,42.46,53,67,4.72,Clouds
405,San Patricio,US,2022-05-28 21:05:40,28.017,-97.5169,97.52,39,0,16.73,Clear
406,Thunder Bay,CA,2022-05-28 21:04:26,48.4001,-89.3168,51.71,93,100,9.22,Mist
407,Yenagoa,NG,2022-05-28 21:05:41,4.9247,6.2642,75.36,89,62,5.19,Clouds
408,Zyrardow,PL,2022-05-28 21:05:41,52.0488,20.446,51.8,100,87,12.03,Clouds
409,Susanville,US,2022-05-28 21:05:42,40.4163,-120.653,63.91,38,75,18.41,Clouds
410,Margate,GB,2022-05-28 21:05:42,51.3813,1.3862,53.31,75,90,1.01,Clouds
411,Izumo,JP,2022-05-28 21:05:42,35.3667,132.7667,62.74,62,82,7.72,Clouds
412,Elko,US,2022-05-28 21:05:43,41.0002,-115.5012,62.62,47,48,11.99,Clouds
413,Sanandaj,IR,2022-05-28 21:05:43,35.3144,46.9923,63.57,41,30,5.1,Clouds
414,Berlevag,NO,2022-05-28 21:06:43,70.8578,29.0864,44.4,87,75,23.02,Clouds
415,Wangqing,CN,2022-05-28 21:06:44,43.3218,129.7634,60.98,75,100,3.38,Clouds
416,Sao Jose Da Coroa Grande,BR,2022-05-28 21:06:44,-8.8978,-35.1478,73.72,95,100,3.67,Rain
417,Chokurdakh,RU,2022-05-28 21:06:45,70.6333,147.9167,32.85,77,99,4.09,Clouds
418,Valence,ES,2022-05-28 21:06:45,39.4697,-0.3774,79.23,56,20,3.44,Clouds
419,Esperance,AU,2022-05-28 21:06:45,-33.8667,121.9,49.84,66,78,29.93,Clouds
420,Kutum,SD,2022-05-28 21:06:46,14.2,24.6667,78.73,11,6,6.82,Clear
421,Tadine,NC,2022-05-28 21:06:46,-21.55,167.8833,76.39,81,4,11.86,Clear
422,Millau,FR,2022-05-28 21:06:46,44.0833,2.9167,62.73,52,0,4.9,Clear
423,Queenstown,ZA,2022-05-28 21:06:47,-31.8976,26.8753,56.77,43,0,8.1,Clear
424,Krasnogorsk,RU,2022-05-28 21:06:47,55.8225,37.3181,44.96,93,0,6.71,Clear
425,Waingapu,ID,2022-05-28 21:06:48,-9.6567,120.2641,75.88,87,100,4.45,Clouds
426,Manggar,ID,2022-05-28 21:06:48,-2.8833,108.2667,80.67,80,99,2.57,Clouds
427,Bonnyville,CA,2022-05-28 21:06:48,54.2668,-110.735,63.93,47,30,12.15,Clouds
428,Lethem,GY,2022-05-28 21:06:49,3.3803,-59.7968,84.24,62,71,7.61,Clouds
429,Tsumeb,NA,2022-05-28 21:06:49,-19.2333,17.7167,63.18,28,0,6.22,Clear
430,Port Augusta,AU,2022-05-28 21:02:36,-32.5,137.7667,52.11,73,23,7.45,Clouds
431,Zunyi,CN,2022-05-28 21:06:49,27.6867,106.9072,64.76,97,94,1.14,Clouds
432,Muyezerskiy,RU,2022-05-28 21:06:50,63.9333,31.65,49.23,91,94,5.5,Clouds
433,Tateyama,JP,2022-05-28 21:06:50,34.9833,139.8667,65.1,74,100,3.22,Clouds
434,Cherskiy,RU,2022-05-28 21:06:50,68.75,161.3,40.05,50,10,5.17,Clear
435,Bac Lieu,VN,2022-05-28 21:06:51,9.285,105.7244,78.58,85,100,10.69,Rain
436,Taywarah,AF,2022-05-28 21:06:51,33.35,64.4167,46.71,47,0,7.58,Clear
437,Caldas Novas,BR,2022-05-28 21:06:51,-17.7417,-48.625,70.97,44,88,3.36,Clouds
438,Preobrazheniye,RU,2022-05-28 21:06:52,42.9019,133.9064,51.24,89,94,14.94,Clouds
439,Djambala,CG,2022-05-28 21:02:16,-2.5447,14.7533,70.21,84,98,1.68,Rain
440,Svetlaya,RU,2022-05-28 21:06:52,46.5389,138.3297,46.94,95,100,13.0,Clouds
441,Zyryanka,RU,2022-05-28 21:06:53,65.75,150.85,51.28,54,22,3.62,Clouds
442,Jasper,US,2022-05-28 21:03:26,37.2001,-94.3502,84.45,44,20,18.41,Clouds
443,Deqing,CN,2022-05-28 21:06:53,30.5448,119.9599,71.94,97,100,1.52,Clouds
444,Fort Nelson,CA,2022-05-28 21:06:54,58.8053,-122.7002,56.79,58,75,9.22,Clouds
445,Shache,CN,2022-05-28 21:06:54,38.4167,77.2406,72.72,27,100,21.85,Clouds
446,Ishigaki,JP,2022-05-28 21:06:54,24.3448,124.1572,81.59,89,76,19.57,Clouds
447,Hasaki,JP,2022-05-28 21:06:55,35.7333,140.8333,63.0,78,69,3.0,Clouds
448,Praia,CV,2022-05-28 21:06:55,14.9215,-23.5087,75.74,78,20,20.71,Clouds
449,Zapresic,HR,2022-05-28 21:06:55,45.8564,15.8078,54.93,80,100,2.48,Rain
450,Verkhoyansk,RU,2022-05-28 21:06:56,67.5447,133.385,46.62,49,8,5.68,Clear
451,Gorontalo,ID,2022-05-28 21:06:56,0.5412,123.0595,75.13,83,100,2.06,Clouds
452,Angoche,MZ,2022-05-28 21:06:56,-16.2325,39.9086,73.72,69,1,9.33,Clear
453,Cidreira,BR,2022-05-28 21:06:57,-30.1811,-50.2056,64.02,96,99,7.81,Rain
454,Matamoros,MX,2022-05-28 21:01:58,25.5333,-103.25,97.52,9,0,9.1,Clear
455,Petropavlovsk-Kamchatskiy,RU,2022-05-28 21:06:57,53.0452,158.6483,39.79,100,100,4.47,Clouds
456,San Policarpo,PH,2022-05-28 21:06:58,12.1791,125.5072,77.9,85,16,3.09,Clouds
457,Kerema,PG,2022-05-28 21:06:58,-7.9631,145.7785,76.42,88,37,3.06,Clouds
458,Riohacha,CO,2022-05-28 21:05:58,11.5444,-72.9072,88.72,56,29,11.45,Clouds
459,Lillooet,CA,2022-05-28 21:06:58,50.6856,-121.942,64.0,41,99,3.53,Clouds
460,Kvarkeno,RU,2022-05-28 21:06:59,52.0833,59.725,55.22,77,100,10.09,Clouds
461,Soyo,AO,2022-05-28 21:07:59,-6.1349,12.3689,73.6,83,1,7.65,Clear
462,College,US,2022-05-28 21:07:59,64.8569,-147.8028,71.58,30,40,6.91,Clouds
463,Puerto Suarez,BO,2022-05-28 21:08:00,-18.95,-57.8,93.56,46,0,10.36,Clear
464,Camden,US,2022-05-28 21:05:32,39.7835,-74.9663,78.71,66,19,1.01,Clouds
465,Rondonopolis,BR,2022-05-28 21:08:00,-16.4708,-54.6356,84.6,35,86,3.91,Clouds
466,Onguday,RU,2022-05-28 21:08:01,50.75,86.15,56.64,70,62,1.57,Clouds
467,Port Lincoln,AU,2022-05-28 21:08:01,-34.7333,135.8667,52.66,88,35,10.6,Clouds
468,Port Hawkesbury,CA,2022-05-28 21:08:02,45.6169,-61.3485,66.72,97,100,5.99,Rain
469,Sorong,ID,2022-05-28 21:08:02,-0.8833,131.25,77.97,82,85,2.8,Clouds
470,Dangara,IN,2022-05-28 21:08:02,29.6799,75.8931,91.27,43,0,12.21,Clear
471,Kifri,IQ,2022-05-28 21:07:14,34.6959,44.9661,82.71,11,0,1.3,Clear
472,Santa Marta,CO,2022-05-28 21:07:25,11.2408,-74.199,86.45,70,18,14.67,Clouds
473,Atambua,ID,2022-05-28 21:08:04,-9.1061,124.8925,70.02,83,57,3.53,Clouds
474,Athabasca,CA,2022-05-28 21:08:04,54.7169,-113.2854,63.81,43,52,10.78,Clouds
475,Bayangol,RU,2022-05-28 21:08:04,50.6977,103.4656,28.26,89,19,4.05,Clouds
476,Makakilo City,US,2022-05-28 21:08:05,21.3469,-158.0858,80.92,61,100,16.11,Clouds
477,Wanaka,NZ,2022-05-28 21:08:05,-44.7,169.15,37.11,92,100,1.99,Clouds
478,El Alto,PE,2022-05-28 21:08:05,-4.2714,-81.2147,71.26,76,55,16.22,Clouds
479,Katghora,IN,2022-05-28 21:06:12,22.5,82.55,82.76,42,27,0.92,Clouds
480,Chumikan,RU,2022-05-28 21:08:06,54.7183,135.315,33.49,98,100,19.06,Snow
481,Aykhal,RU,2022-05-28 21:08:06,66.0,111.5,41.9,51,92,3.42,Clouds
482,Oneida,US,2022-05-28 21:08:07,43.2001,-75.4663,71.58,60,75,17.27,Clouds
483,Roma,US,2022-05-28 21:08:07,43.2128,-75.4557,71.51,60,75,17.27,Clouds
484,Lensk,RU,2022-05-28 21:08:08,60.7253,114.9278,45.14,61,98,3.4,Clouds
485,Thongwa,MM,2022-05-28 21:07:19,16.7619,96.5278,78.96,90,98,5.06,Clouds
486,Puerto Madryn,AR,2022-05-28 21:08:08,-42.7692,-65.0385,44.8,51,62,21.21,Clouds
487,Corner Brook,CA,2022-05-28 21:06:46,48.9667,-57.9484,42.96,94,100,14.45,Clouds
488,Nyurba,RU,2022-05-28 21:08:09,63.2842,118.3319,42.39,64,100,4.79,Clouds
489,Eldoret,KE,2022-05-28 21:08:09,0.5204,35.2699,55.53,87,99,3.24,Clouds
490,Vanimo,PG,2022-05-28 21:08:10,-2.6741,141.3028,77.22,86,50,3.15,Clouds
491,Kahului,US,2022-05-28 21:07:06,20.8947,-156.47,84.22,51,75,17.27,Clouds
492,Monterey,US,2022-05-28 21:08:10,36.2505,-121.2516,74.17,38,11,17.6,Clouds
493,Rio Gallegos,AR,2022-05-28 21:08:10,-51.6226,-69.2181,40.89,66,96,27.74,Clouds
494,Maracacume,BR,2022-05-28 21:08:11,-2.0428,-45.9592,75.09,95,69,3.11,Clouds
495,Port-Gentil,GA,2022-05-28 21:08:11,-0.7193,8.7815,75.16,88,20,10.36,Clouds
496,Aranos,NA,2022-05-28 21:08:12,-24.1333,19.1167,63.36,25,11,10.83,Clouds
497,Bad Freienwalde,DE,2022-05-28 21:08:12,52.7873,14.0304,54.41,72,51,4.0,Clouds
498,Thinadhoo,MV,2022-05-28 21:08:12,0.5333,72.9333,83.3,73,100,9.84,Clouds
499,Ballina,AU,2022-05-28 21:08:13,-28.8667,153.5667,56.79,78,2,11.61,Clear
500,Dalbandin,PK,2022-05-28 21:08:13,28.8947,64.4101,80.89,15,0,7.92,Clear
501,Novi Ligure,IT,2022-05-28 21:08:13,44.7608,8.7896,70.02,82,27,5.39,Rain
502,Stykkisholmur,IS,2022-05-28 21:08:14,65.0757,-22.7297,52.18,63,99,4.56,Clouds
503,Borogontsy,RU,2022-05-28 21:08:14,62.6683,131.1683,46.27,92,100,8.61,Rain
504,Sabha,LY,2022-05-28 21:08:15,27.0377,14.4283,84.33,13,0,9.98,Clear
505,Keningau,MY,2022-05-28 21:08:15,5.3378,116.1602,71.02,87,100,1.16,Clouds
506,Viamao,BR,2022-05-28 21:09:15,-30.0811,-51.0233,66.04,94,100,2.3,Rain
507,Trinidad,BO,2022-05-28 21:09:16,-14.8333,-64.9,89.58,55,20,9.22,Clouds
508,Kundla,IN,2022-05-28 21:09:16,21.3333,71.3,79.97,75,7,15.61,Clear
509,Singapore,SG,2022-05-28 21:07:38,1.2897,103.8501,82.35,84,75,1.14,Clouds
510,Serafimovich,RU,2022-05-28 21:09:16,49.5786,42.736,58.62,87,92,2.53,Clouds
511,Moron,AR,2022-05-28 21:08:56,-34.6534,-58.6198,55.06,73,97,3.06,Clouds
512,Mopti,ML,2022-05-28 21:09:17,14.6667,-4.0,98.33,20,1,7.76,Clear
513,Manokwari,ID,2022-05-28 21:09:17,-0.8667,134.0833,78.08,76,59,4.72,Clouds
514,Mbandaka,CD,2022-05-28 21:09:18,0.0487,18.2603,70.29,97,98,2.35,Rain
515,Coolum Beach,AU,2022-05-28 21:09:18,-26.5333,153.1,60.22,83,12,7.96,Clouds
516,Negombo,LK,2022-05-28 21:09:18,7.2083,79.8358,77.05,94,75,9.22,Clouds
517,Saldanha,ZA,2022-05-28 21:09:19,-33.0117,17.9442,59.94,82,0,11.56,Rain
518,Nelson Bay,AU,2022-05-28 21:09:19,-32.7167,152.15,53.1,92,2,1.99,Clear
519,Buraydah,SA,2022-05-28 21:09:19,26.326,43.975,86.34,12,2,13.8,Clear
520,Fare,PF,2022-05-28 21:09:20,-16.7,-151.0167,81.14,72,39,15.5,Clouds
521,Lucea,JM,2022-05-28 21:09:20,18.451,-78.1736,82.85,72,82,5.82,Rain
522,Hambantota,LK,2022-05-28 21:09:20,6.1241,81.1185,78.75,83,81,14.63,Clouds
523,Hervey Bay,AU,2022-05-28 21:09:21,-25.2986,152.8535,62.02,86,7,11.01,Clear
524,Lanigan,CA,2022-05-28 21:09:21,51.8501,-105.0344,67.6,56,97,9.01,Clouds
525,Malinovskiy,RU,2022-05-28 21:09:22,61.1953,62.8397,47.95,97,69,4.72,Clouds
526,La Tuque,CA,2022-05-28 21:09:22,47.4334,-72.7824,66.61,46,63,8.19,Clouds
527,Ormara,PK,2022-05-28 21:09:22,25.2088,64.6357,80.98,91,1,19.26,Clear
528,Belaya Gora,RU,2022-05-28 21:09:23,68.5333,146.4167,46.6,51,53,5.61,Clouds
529,Slobodskoy,RU,2022-05-28 21:09:23,58.7322,50.1772,44.17,99,54,5.57,Clouds
530,Nkhata Bay,MW,2022-05-28 21:09:24,-11.6066,34.2907,66.92,66,5,5.46,Clear
531,Sitka,US,2022-05-28 21:05:39,57.0531,-135.33,53.49,76,40,9.22,Clouds
532,Qaqortoq,GL,2022-05-28 21:09:24,60.7167,-46.0333,42.01,69,28,7.81,Clouds
533,Emmett,US,2022-05-28 21:09:24,43.8735,-116.4993,70.02,37,74,3.96,Clouds
534,Colan,PA,2022-05-28 21:09:25,7.5873,-80.2296,77.02,91,100,2.06,Clouds
535,Colares,PT,2022-05-28 21:09:25,38.7992,-9.4469,66.33,71,15,13.0,Clouds
536,Lodwar,KE,2022-05-28 21:09:25,3.1191,35.5973,87.46,41,63,14.85,Clouds
537,Ereymentau,KZ,2022-05-28 21:09:26,51.6199,73.1033,48.65,85,100,6.04,Clouds
538,Otradnoye,RU,2022-05-28 21:09:26,59.7775,30.8181,46.45,96,27,0.69,Clouds
539,Natitingou,BJ,2022-05-28 21:09:27,10.3042,1.3796,70.88,87,100,5.73,Clouds
540,Tubmanburg,LR,2022-05-28 21:09:27,6.8708,-10.8172,75.02,96,65,2.46,Rain
541,Tuatapere,NZ,2022-05-28 21:09:27,-46.1333,167.6833,45.63,90,100,4.81,Clouds
542,Ust-Kulom,RU,2022-05-28 21:09:28,61.6864,53.6902,48.11,98,25,4.0,Clouds
543,Diego De Almagro,CL,2022-05-28 21:09:28,-26.3667,-70.05,65.17,34,0,6.89,Clear
544,Kirakira,SB,2022-05-28 21:09:28,-10.4544,161.9205,81.68,77,78,2.93,Clouds
545,Naze,JP,2022-05-28 21:09:29,28.3667,129.4833,68.92,91,100,8.93,Rain
546,Shakawe,BW,2022-05-28 21:09:29,-18.3667,21.85,58.06,40,0,4.92,Clear
547,Kalaikunda,IN,2022-05-28 21:09:29,22.35,87.25,89.08,52,78,3.02,Clouds
548,Qui Nhon,VN,2022-05-28 21:09:30,13.7667,109.2333,79.81,74,98,5.01,Clouds
549,Cairns,AU,2022-05-28 21:09:30,-16.9167,145.7667,62.06,100,70,0.0,Clouds
550,Mazagao,BR,2022-05-28 21:09:31,-0.115,-51.2894,84.25,93,50,4.05,Clouds
551,Antofagasta,CL,2022-05-28 21:09:31,-23.65,-70.4,60.08,75,17,6.31,Clouds
552,Sohag,EG,2022-05-28 21:05:06,26.557,31.6948,85.1,19,0,9.89,Clear
553,Daru,PG,2022-05-28 21:09:32,-9.0763,143.2092,78.28,75,98,9.24,Clouds
554,Tonantins,BR,2022-05-28 21:09:32,-2.8731,-67.8022,78.19,94,90,0.74,Clouds
555,Sisimiut,GL,2022-05-28 21:09:32,66.9395,-53.6735,38.08,68,24,12.95,Clouds
556,Mehamn,NO,2022-05-28 21:10:33,71.0357,27.8492,42.71,87,35,13.62,Clouds
557,Wagar,SD,2022-05-28 21:10:33,16.1525,36.2032,91.26,11,0,8.66,Clear
558,Umm Bab,QA,2022-05-28 21:10:33,25.2142,50.8072,82.62,50,0,11.34,Clear
559,Hangu,CN,2022-05-28 21:10:34,39.2489,117.7892,77.04,45,52,17.74,Clouds
560,Seoul,KR,2022-05-28 21:10:34,37.5683,126.9778,63.84,65,3,2.71,Clear
561,Beyneu,KZ,2022-05-28 21:10:35,45.3167,55.2,73.76,21,0,3.89,Clear
562,San Andres,CO,2022-05-28 21:10:35,12.5847,-81.7006,84.22,79,75,4.61,Clouds
563,Rozivka,UA,2022-05-28 21:10:35,46.9385,35.7724,59.47,77,15,6.53,Clouds
564,Pacific Grove,US,2022-05-28 21:10:36,36.6177,-121.9166,73.24,76,0,10.0,Clear
565,Dniprorudne,UA,2022-05-28 21:10:36,47.3817,34.9765,61.86,82,70,8.05,Clouds
566,Alofi,NU,2022-05-28 21:10:36,-19.0595,-169.9187,80.04,80,100,18.7,Clouds
567,Bahia Honda,CU,2022-05-28 21:10:37,22.9036,-83.1592,83.75,64,85,3.31,Rain
568,Tarrafal,CV,2022-05-28 21:10:37,15.2833,-23.7667,75.99,84,80,13.51,Clouds
569,Zhezkazgan,KZ,2022-05-28 21:10:38,47.8043,67.7144,57.42,51,100,9.1,Clouds
570,Gainesville,US,2022-05-28 21:06:03,29.6516,-82.3248,89.78,49,13,1.99,Clouds
571,Seia,PT,2022-05-28 21:10:38,40.4151,-7.7086,64.83,57,3,3.24,Clear
572,Clemson,US,2022-05-28 21:10:38,34.6834,-82.8374,84.07,50,0,3.44,Clear
573,Maralal,KE,2022-05-28 21:10:39,1.0968,36.698,58.06,88,57,7.18,Clouds
574,Rehoboth,NA,2022-05-28 21:10:39,-23.3167,17.0833,57.7,34,0,7.76,Clear
575,Xichang,CN,2022-05-28 21:10:40,27.8964,102.2634,65.23,92,63,0.85,Clouds
576,Santiago,CL,2022-05-28 21:06:57,-33.4569,-70.6483,57.29,59,100,5.75,Haze
577,Korla,CN,2022-05-28 21:10:40,41.7597,86.1469,76.48,31,1,8.39,Clear
578,Zarubino,RU,2022-05-28 21:10:41,42.63,131.0922,51.87,92,99,9.75,Clouds
579,Ketchikan,US,2022-05-28 21:10:41,55.3422,-131.6461,52.27,87,100,9.22,Rain
580,Cartagena,CO,2022-05-28 21:06:19,10.3997,-75.5144,89.22,70,40,6.91,Clouds
581,Bodden Town,KY,2022-05-28 21:10:42,19.2833,-81.25,86.0,73,75,8.05,Clouds
582,Quarai,BR,2022-05-28 21:10:42,-30.3875,-56.4514,60.87,97,100,8.72,Clouds
583,Aquiraz,BR,2022-05-28 21:06:36,-3.9014,-38.3911,77.18,87,14,6.38,Clouds
584,Sukkur,PK,2022-05-28 21:10:43,27.7052,68.8574,89.47,37,0,0.0,Haze
585,Batsfjord,NO,2022-05-28 21:10:43,70.6345,29.7185,44.38,81,100,3.44,Clouds
586,Batagay,RU,2022-05-28 21:10:43,67.6333,134.6333,49.46,47,7,2.51,Clear
587,Koryazhma,RU,2022-05-28 21:10:44,61.3143,47.1691,50.07,96,100,3.24,Clouds
588,Moranbah,AU,2022-05-28 21:10:44,-22.0016,148.0466,59.11,56,1,4.81,Clear
589,Verkhnyaya Maksakovka,RU,2022-05-28 21:10:44,61.635,50.9674,50.02,93,40,2.24,Clouds
590,Hanzhong,CN,2022-05-28 21:06:16,33.0728,107.0303,64.69,77,100,2.46,Clouds
591,Khani,GE,2022-05-28 21:10:45,41.9563,42.9566,51.37,91,43,4.34,Clouds
592,Tommot,RU,2022-05-28 21:10:45,58.9564,126.2925,49.53,91,100,1.21,Clouds
593,Nara,JP,2022-05-28 21:09:58,34.6851,135.8049,67.69,63,100,1.07,Clouds
594,Ouricuri,BR,2022-05-28 21:10:15,-7.8825,-40.0817,74.66,63,65,3.91,Clouds
595,Dezhou,CN,2022-05-28 21:10:46,37.4486,116.2925,75.51,59,30,20.09,Clouds
596,Amapa,BR,2022-05-28 21:10:47,1.0,-52.0,75.18,98,29,3.36,Clouds
597,Odweyne,SO,2022-05-28 21:10:47,9.4092,45.064,75.52,59,42,12.06,Clouds
598,Shingu,JP,2022-05-28 21:10:47,33.7333,135.9833,65.19,60,100,4.72,Clouds
599,Harper,LR,2022-05-28 21:11:48,4.375,-7.7169,79.14,83,9,8.57,Clear
600,Goundam,ML,2022-05-28 21:11:48,16.4145,-3.6708,100.74,15,0,6.04,Clear
601,Sao Felix Do Xingu,BR,2022-05-28 21:11:49,-6.6447,-51.995,79.72,69,70,3.0,Clouds
602,Jinchang,CN,2022-05-28 21:11:49,38.4953,102.1739,62.26,56,86,9.93,Clouds
603,Wajima,JP,2022-05-28 21:11:50,37.4,136.9,64.94,76,0,15.17,Clear
604,Rabo De Peixe,PT,2022-05-28 21:11:50,37.8,-25.5833,60.31,90,40,14.97,Clouds
605,Umtata,ZA,2022-05-28 21:11:50,-31.5889,28.7844,58.66,56,0,5.88,Clear
606,Kitami,JP,2022-05-28 21:09:32,43.8031,143.8908,45.12,97,100,19.3,Clouds
607,Druzhba,UA,2022-05-28 21:11:51,52.0428,33.9453,45.09,91,33,8.72,Clouds
608,Krasne,UA,2022-05-28 21:11:51,49.9145,24.6134,45.46,83,74,7.31,Clouds
609,Wattegama,LK,2022-05-28 21:11:51,6.7989,81.4808,76.05,78,100,7.02,Clouds
610,Nuevo Progreso,MX,2022-05-28 21:11:52,23.1667,-97.95,93.54,50,12,17.07,Clouds
611,Shubarshi,KZ,2022-05-28 21:11:52,48.5872,57.1869,61.57,60,28,6.49,Clouds
612,Otane,NZ,2022-05-28 21:11:52,-39.8833,176.6333,42.01,72,20,0.85,Clouds
613,Bulgan,MN,2022-05-28 21:11:53,48.8125,103.5347,35.62,84,67,3.27,Clouds
614,Indian Head,US,2022-05-28 21:11:53,38.6001,-77.1622,79.29,56,40,9.22,Clouds
615,Oil City,US,2022-05-28 21:11:54,41.4339,-79.7064,70.07,62,100,9.22,Clouds
616,Bachaquero,VE,2022-05-28 21:11:54,9.9694,-71.1494,86.83,64,78,6.71,Clouds
617,Dublin,US,2022-05-28 21:11:54,37.7021,-121.9358,77.25,52,40,17.27,Clouds
618,Damghan,IR,2022-05-28 21:11:55,36.1683,54.348,67.19,28,0,5.35,Clear
619,Debre Tabor,ET,2022-05-28 21:11:55,11.85,38.0167,61.32,32,64,4.97,Clouds
620,Ipueiras,BR,2022-05-28 21:11:56,-7.0333,-40.45,74.91,63,93,7.07,Clouds
621,Mount Gambier,AU,2022-05-28 21:11:56,-37.8333,140.7667,47.43,83,100,2.98,Clouds
622,Meulaboh,ID,2022-05-28 21:11:56,4.1363,96.1285,75.15,87,100,4.65,Clouds
623,Kranuan,TH,2022-05-28 21:11:57,16.7067,103.0788,80.44,82,61,5.44,Rain
624,Ust-Nera,RU,2022-05-28 21:11:57,64.5667,143.2,45.34,80,100,2.62,Clouds
625,Sungaipenuh,ID,2022-05-28 21:11:57,-2.0833,101.3833,63.37,85,100,1.03,Clouds
626,Langsa,ID,2022-05-28 21:11:58,4.4683,97.9683,73.42,94,85,2.98,Clouds
627,Dicabisagan,PH,2022-05-28 21:11:58,17.0818,122.4157,79.07,86,90,5.08,Clouds
628,Libenge,CD,2022-05-28 21:11:58,3.65,18.6333,72.25,86,100,3.29,Clouds
629,Yulara,AU,2022-05-28 21:11:59,-25.2406,130.9889,62.62,68,100,4.0,Clouds
630,Kamenka,RU,2022-05-28 21:11:59,51.3223,42.7678,49.75,93,45,6.93,Clouds
631,Bogorodskoye,RU,2022-05-28 21:11:59,56.55,37.8833,42.64,97,84,7.16,Clouds
632,Touros,BR,2022-05-28 21:12:00,-5.1989,-35.4608,77.94,80,100,6.76,Clouds
633,Maragogi,BR,2022-05-28 21:12:00,-9.0122,-35.2225,73.65,96,100,2.57,Rain
634,Bokajan,IN,2022-05-28 21:12:00,26.0167,93.7833,72.99,83,9,1.95,Clear
635,Cubuk,TR,2022-05-28 21:12:01,40.2386,33.0322,62.06,51,0,1.14,Clear
636,Bahia Blanca,AR,2022-05-28 21:12:01,-38.7196,-62.2724,47.88,49,0,6.64,Clear
637,Ende,ID,2022-05-28 21:12:02,-8.8432,121.6623,75.24,87,18,2.17,Clouds
638,Porto Belo,BR,2022-05-28 21:12:02,-27.1578,-48.5531,70.25,88,100,1.72,Clouds
639,Kjollefjord,NO,2022-05-28 21:12:03,70.9457,27.3465,46.45,77,24,14.34,Clouds
640,Bilibino,RU,2022-05-28 21:12:03,68.0546,166.4372,41.76,50,85,4.65,Clouds
641,Nidzica,PL,2022-05-28 21:12:03,53.3605,20.4275,47.79,97,99,10.49,Clouds
642,Kambove,CD,2022-05-28 21:12:04,-10.8764,26.5969,55.85,64,0,3.71,Clear
643,Dawson Creek,CA,2022-05-28 21:12:04,55.7666,-120.2362,46.04,87,100,16.11,Clouds
644,Jerome,US,2022-05-28 21:12:05,42.7241,-114.5186,63.43,48,20,12.66,Clouds
645,Atar,MR,2022-05-28 21:13:05,20.5169,-13.0499,94.73,20,100,12.71,Clouds
646,Karlstad,SE,2022-05-28 21:13:05,59.3793,13.5036,52.36,46,66,10.36,Clouds
647,Nemuro,JP,2022-05-28 21:13:06,43.3236,145.575,46.0,91,100,13.04,Clouds
648,Cansuje,PH,2022-05-28 21:13:06,9.9231,123.4963,71.33,83,89,2.19,Clouds
649,Nuevo Laredo,MX,2022-05-28 21:12:43,27.4763,-99.5164,98.87,26,0,13.8,Clear
650,Kitui,KE,2022-05-28 21:13:07,-1.367,38.0106,63.9,86,97,6.82,Clouds
651,Navirai,BR,2022-05-28 21:13:07,-23.065,-54.1906,74.28,54,4,3.18,Clear
652,Ridgecrest,US,2022-05-28 21:08:47,35.6225,-117.6709,87.69,19,0,28.77,Clear
653,Marathon,US,2022-05-28 21:13:08,44.9,-89.7668,71.35,74,100,9.22,Clouds
654,Sungurlu,TR,2022-05-28 21:13:08,40.1675,34.3739,65.48,55,17,3.22,Clouds
655,Nizwa,OM,2022-05-28 21:13:08,22.9333,57.5333,87.42,18,0,4.85,Clear
656,Thames,NZ,2022-05-28 21:13:09,-37.1333,175.5333,58.87,82,100,9.46,Clouds
657,Gigmoto,PH,2022-05-28 21:13:10,13.7796,124.39,80.44,81,14,5.84,Clouds
658,Komsomolskiy,UZ,2022-05-28 21:13:10,40.4272,71.7189,57.92,72,40,0.0,Clouds
659,Alice Springs,AU,2022-05-28 21:13:10,-23.7,133.8833,65.75,42,31,12.66,Clouds
660,Phibun Mangsahan,TH,2022-05-28 21:13:11,15.2447,105.2291,75.06,90,56,8.79,Clouds
661,Ratzeburg,DE,2022-05-28 21:13:11,53.7,10.7667,51.15,82,75,6.91,Clouds
662,Muros,ES,2022-05-28 21:13:12,42.7762,-9.0603,67.08,63,0,2.82,Clear
663,Shemonaikha,KZ,2022-05-28 21:13:12,50.6328,81.9056,63.27,64,93,4.09,Rain
664,Sal Rei,CV,2022-05-28 21:13:13,16.1833,-22.9167,72.43,82,11,14.29,Clouds
665,Rosarito,MX,2022-05-28 21:08:33,32.3333,-117.0333,70.63,68,66,11.7,Clouds
666,Benguela,AO,2022-05-28 21:13:13,-12.5763,13.4055,68.99,87,49,4.12,Clouds
667,Vuktyl,RU,2022-05-28 21:13:13,63.8567,57.3094,53.71,95,99,4.27,Rain
668,Carutapera,BR,2022-05-28 21:13:14,-1.195,-46.02,76.46,90,85,3.94,Clouds
669,La Union,PE,2022-05-28 21:13:14,-5.4,-80.75,81.43,43,13,14.92,Clouds
670,Solnechnyy,RU,2022-05-28 21:13:15,50.7214,136.6319,45.05,98,100,2.06,Clouds
671,Greymouth,NZ,2022-05-28 21:13:15,-42.4667,171.2,45.88,85,32,7.94,Clouds
672,Iroquois Falls,CA,2022-05-28 21:13:15,48.7669,-80.6831,60.66,73,100,4.25,Clouds
